Global_active_power;Global_reactive_power;Voltage;Global_intensity;Sub_metering_1;Sub_metering_2;Sub_metering_3;cluster
1.394;0.212;236.190;6.000;0.000;1.000;0.0;6
2.604;0.162;238.140;11.000;0.000;1.000;17.0;1
0.25;0.000;242.630;1.000;0.000;1.000;0.0;0
4.028;0.000;235.270;17.200;0.000;0.000;0.0;6
1.746;0.244;242.820;7.200;2.000;0.000;18.0;8
0.224;0.000;245.070;1.000;0.000;0.000;0.0;0
2.82;0.194;238.540;11.800;0.000;0.000;17.0;1
0.616;0.320;241.820;2.800;0.000;0.000;0.0;0
1.274;0.328;239.730;5.400;0.000;0.000;0.0;0
1.448;0.000;241.010;6.000;0.000;1.000;17.0;8
1.352;0.000;240.980;5.600;0.000;0.000;18.0;8
0.212;0.000;238.920;0.800;0.000;0.000;0.0;0
2.966;0.274;239.930;13.000;1.000;17.000;18.0;7
1.272;0.000;233.070;5.400;0.000;0.000;17.0;8
0.242;0.000;249.090;1.000;0.000;0.000;0.0;0
0.396;0.258;241.090;2.000;0.000;2.000;0.0;0
0.22;0.000;242.740;1.000;0.000;0.000;0.0;0
0.59;0.116;239.230;2.400;0.000;2.000;0.0;0
1.258;0.046;233.900;5.400;0.000;0.000;16.0;8
1.582;0.248;243.050;7.800;0.000;2.000;0.0;6
2.012;0.312;240.520;8.600;0.000;5.000;17.0;1
0.37;0.208;239.450;1.800;0.000;1.000;0.0;0
3.498;0.256;237.110;15.000;0.000;36.000;18.0;2
0.298;0.108;244.230;1.200;0.000;0.000;0.0;0
2.638;0.000;241.360;10.800;0.000;0.000;18.0;8
3.396;0.060;239.200;14.200;0.000;0.000;17.0;1
1.476;0.216;242.280;6.000;0.000;0.000;18.0;8
3.646;0.000;239.960;15.400;0.000;0.000;18.0;1
2.364;0.082;239.720;9.800;0.000;0.000;0.0;6
0.29;0.086;240.440;1.200;0.000;0.000;0.0;0
1.044;0.126;235.850;4.600;0.000;1.000;0.0;6
0.324;0.110;244.310;1.400;0.000;0.000;0.0;0
1.446;0.244;240.310;6.000;0.000;1.000;18.0;8
1.24;0.000;236.310;5.200;0.000;0.000;17.0;8
1.862;0.100;239.220;7.800;1.000;1.000;17.0;8
0.328;0.092;243.940;1.400;0.000;2.000;0.0;0
0.318;0.114;244.180;1.400;0.000;0.000;0.0;0
0.326;0.148;242.480;1.400;0.000;0.000;0.0;0
1.524;0.090;243.090;6.200;0.000;4.000;18.0;8
0.302;0.000;244.280;1.400;0.000;0.000;0.0;0
1.292;0.000;238.870;5.400;0.000;0.000;17.0;8
0.214;0.000;239.930;0.800;0.000;0.000;0.0;0
3.038;0.366;237.130;12.800;0.000;1.000;17.0;1
2.556;0.078;235.810;10.800;0.000;0.000;17.0;1
0.216;0.000;240.040;0.800;0.000;0.000;0.0;0
1.292;0.158;235.130;5.400;0.000;1.000;17.0;8
1.408;0.000;244.090;5.800;0.000;0.000;18.0;8
0.394;0.270;244.590;2.000;0.000;2.000;0.0;0
1.42;0.134;246.320;5.800;0.000;0.000;19.0;8
3.264;0.196;237.700;13.600;1.000;2.000;17.0;1
0.23;0.138;241.530;1.000;0.000;0.000;0.0;0
0.254;0.000;244.070;1.200;0.000;0.000;0.0;0
1.414;0.096;237.760;5.800;0.000;1.000;17.0;8
0.318;0.184;238.080;1.600;0.000;2.000;0.0;0
6.828;0.000;230.900;29.400;0.000;70.000;16.0;4
0.278;0.000;237.840;1.200;0.000;0.000;0.0;0
3.314;0.000;233.080;14.200;0.000;0.000;17.0;1
0.588;0.212;239.170;2.600;0.000;0.000;0.0;0
2.42;0.500;241.380;10.600;0.000;0.000;18.0;8
1.282;0.000;240.900;5.200;0.000;0.000;18.0;8
0.296;0.082;243.390;1.200;0.000;0.000;0.0;0
1.616;0.000;237.480;6.800;0.000;0.000;0.0;6
2.97;0.138;243.390;12.200;0.000;38.000;0.0;3
4.456;0.198;236.310;18.800;0.000;37.000;17.0;2
1.358;0.116;241.420;5.600;0.000;0.000;0.0;0
0.212;0.000;237.610;0.800;0.000;0.000;0.0;0
0.314;0.120;240.410;1.400;0.000;0.000;0.0;0
2.34;0.064;240.170;9.600;0.000;2.000;0.0;6
1.386;0.000;236.980;5.800;0.000;0.000;17.0;8
5.52;0.000;235.530;23.400;38.000;0.000;17.0;5
1.634;0.082;240.920;6.800;0.000;0.000;17.0;8
0.204;0.000;245.070;0.800;0.000;0.000;0.0;0
4.7;0.228;230.250;20.400;0.000;16.000;16.0;7
1.414;0.118;241.220;5.800;0.000;2.000;18.0;8
0.262;0.000;242.710;1.200;0.000;0.000;0.0;0
1.572;0.076;237.780;6.600;0.000;0.000;17.0;8
0.23;0.000;247.680;1.000;0.000;0.000;0.0;0
1.304;0.000;240.670;5.400;0.000;0.000;18.0;8
1.272;0.000;239.010;5.200;0.000;0.000;17.0;8
1.376;0.096;239.950;5.600;0.000;0.000;18.0;8
0.288;0.104;239.670;1.200;0.000;2.000;0.0;0
0.298;0.122;240.740;1.400;0.000;0.000;0.0;0
0.302;0.118;242.720;1.200;0.000;2.000;0.0;0
0.22;0.000;243.850;1.000;0.000;0.000;0.0;0
1.45;0.152;244.680;5.800;0.000;1.000;18.0;8
3.388;0.066;238.040;14.200;0.000;0.000;17.0;1
0.224;0.000;241.230;1.000;0.000;0.000;0.0;0
1.612;0.370;243.940;6.800;0.000;2.000;18.0;8
3.328;0.146;237.740;14.000;0.000;0.000;0.0;6
0.598;0.150;240.880;2.600;0.000;0.000;0.0;0
3.322;0.296;234.270;14.200;0.000;0.000;17.0;1
1.338;0.000;238.690;5.600;0.000;0.000;18.0;8
0.214;0.000;240.520;0.800;0.000;0.000;0.0;0
4.054;0.414;238.640;17.000;0.000;38.000;17.0;2
0.596;0.150;241.190;2.400;0.000;0.000;0.0;0
1.396;0.108;243.970;5.600;0.000;1.000;19.0;8
0.282;0.100;242.890;1.200;0.000;0.000;0.0;0
0.68;0.208;234.890;3.000;0.000;1.000;0.0;6
2.806;0.220;238.020;11.800;1.000;0.000;17.0;1
3.348;0.054;237.090;14.000;0.000;0.000;18.0;1
2.782;0.138;240.710;11.400;0.000;38.000;0.0;3
4.024;0.120;237.000;17.200;0.000;0.000;17.0;1
1.72;0.254;239.790;7.200;0.000;17.000;0.0;7
0.212;0.000;237.970;0.800;0.000;0.000;0.0;0
1.422;0.116;247.540;5.600;0.000;0.000;19.0;8
1.776;0.110;239.100;7.400;0.000;0.000;0.0;6
3.478;0.148;236.710;14.600;0.000;0.000;17.0;1
2.332;0.000;242.460;9.600;0.000;0.000;0.0;6
4.196;0.048;237.400;17.600;0.000;0.000;17.0;1
2.452;0.100;242.540;10.000;0.000;1.000;0.0;6
2.978;0.352;241.270;12.400;39.000;2.000;0.0;7
0.404;0.116;242.760;1.800;0.000;0.000;0.0;0
0.22;0.000;248.040;1.000;0.000;0.000;0.0;0
0.766;0.332;242.810;3.400;0.000;1.000;0.0;0
0.42;0.122;244.110;1.800;0.000;0.000;0.0;0
0.272;0.118;240.720;1.200;0.000;1.000;0.0;0
1.476;0.254;237.690;6.200;0.000;0.000;0.0;6
0.216;0.000;244.370;1.000;0.000;0.000;0.0;0
1.29;0.000;239.110;5.400;0.000;0.000;18.0;8
1.22;0.242;246.810;6.600;0.000;0.000;0.0;0
0.408;0.200;240.680;1.800;0.000;1.000;0.0;0
0.448;0.142;241.670;2.000;0.000;1.000;0.0;0
0.232;0.000;247.170;1.000;0.000;0.000;0.0;0
0.278;0.214;238.210;1.400;0.000;2.000;0.0;0
1.35;0.080;240.280;5.600;0.000;0.000;18.0;8
0.36;0.284;231.730;2.000;0.000;1.000;0.0;6
1.298;0.000;239.000;5.400;0.000;0.000;18.0;8
0.508;0.000;238.220;2.600;0.000;0.000;0.0;0
1.526;0.078;233.380;6.400;0.000;0.000;0.0;6
2.554;0.308;238.860;10.800;0.000;0.000;17.0;8
0.318;0.130;243.650;1.400;0.000;1.000;0.0;0
3.638;0.218;238.430;15.200;0.000;2.000;17.0;1
3.334;0.330;241.760;13.800;40.000;2.000;0.0;7
0.238;0.066;247.980;1.000;0.000;0.000;0.0;0
0.224;0.000;240.320;1.000;0.000;0.000;0.0;0
3.826;0.236;237.530;16.000;0.000;3.000;17.0;1
0.31;0.118;242.480;1.400;0.000;0.000;0.0;0
1.366;0.082;241.330;5.600;0.000;0.000;18.0;8
0.586;0.000;245.160;2.400;0.000;0.000;0.0;0
1.306;0.000;239.900;5.400;0.000;0.000;18.0;8
1.828;0.070;238.400;7.600;0.000;0.000;18.0;8
3.602;0.148;235.520;15.400;0.000;31.000;17.0;2
0.412;0.270;243.990;2.000;0.000;2.000;0.0;0
1.8;0.366;233.550;7.800;0.000;5.000;17.0;1
1.398;0.128;241.110;5.800;0.000;0.000;18.0;8
1.17;0.354;236.600;5.000;0.000;1.000;0.0;6
1.668;0.106;240.520;6.800;0.000;0.000;17.0;8
0.48;0.382;238.300;2.600;0.000;1.000;0.0;0
0.258;0.180;238.830;1.400;0.000;0.000;0.0;0
4.524;0.000;239.220;18.800;0.000;0.000;0.0;6
0.292;0.110;245.310;1.200;0.000;1.000;0.0;0
0.218;0.000;238.250;0.800;0.000;0.000;0.0;0
0.224;0.000;243.940;1.000;0.000;0.000;0.0;0
2.322;0.000;241.440;9.800;0.000;0.000;18.0;8
0.402;0.176;235.450;2.000;0.000;1.000;0.0;0
1.812;0.228;242.270;7.600;0.000;2.000;18.0;8
0.93;0.060;238.680;3.800;0.000;0.000;0.0;0
0.356;0.000;240.200;1.600;0.000;0.000;0.0;0
3.4;0.316;238.460;14.200;0.000;0.000;17.0;1
0.406;0.096;240.920;1.600;1.000;0.000;0.0;0
0.352;0.208;244.750;1.600;0.000;0.000;0.0;0
3.512;0.000;237.220;14.800;0.000;36.000;17.0;2
0.568;0.000;239.900;2.400;0.000;0.000;0.0;0
1.458;0.122;234.170;6.200;0.000;0.000;0.0;6
5.128;0.170;231.650;22.200;0.000;27.000;17.0;2
1.282;0.000;238.950;5.200;0.000;0.000;17.0;8
0.488;0.172;244.640;2.000;0.000;0.000;0.0;0
3.486;0.078;242.070;14.400;0.000;0.000;18.0;1
3.61;0.110;232.550;15.600;0.000;30.000;0.0;3
1.288;0.000;238.660;5.400;0.000;0.000;18.0;8
3.142;0.070;237.210;13.600;0.000;1.000;17.0;1
1.9;0.332;240.930;8.000;0.000;1.000;18.0;8
0.4;0.244;242.150;2.000;0.000;2.000;0.0;0
0.22;0.000;244.130;1.000;0.000;0.000;0.0;0
1.81;0.182;240.280;8.600;0.000;0.000;0.0;6
1.904;0.200;243.600;8.000;0.000;5.000;18.0;1
2.308;0.048;242.650;9.400;0.000;0.000;0.0;6
1.236;0.000;237.380;5.200;0.000;0.000;17.0;8
0.25;0.056;245.210;1.200;0.000;0.000;0.0;0
1.752;0.176;236.030;7.400;0.000;0.000;17.0;8
1.244;0.000;233.120;5.200;0.000;0.000;0.0;6
0.238;0.000;242.690;1.000;0.000;0.000;0.0;0
0.914;0.082;238.830;4.000;0.000;0.000;0.0;0
1.894;0.484;243.520;8.000;0.000;2.000;0.0;6
1.502;0.000;240.440;6.400;0.000;0.000;18.0;8
0.212;0.000;238.460;0.800;0.000;0.000;0.0;0
4.608;0.000;233.500;20.000;32.000;0.000;17.0;5
0.266;0.000;241.810;1.200;0.000;0.000;0.0;0
2.466;0.104;235.950;10.400;0.000;0.000;0.0;6
0.264;0.050;246.350;1.200;0.000;1.000;0.0;0
0.312;0.090;241.110;1.400;0.000;0.000;0.0;0
0.68;0.048;238.540;2.800;0.000;0.000;0.0;0
1.392;0.352;234.290;7.600;0.000;0.000;0.0;6
3.7;0.066;239.450;15.400;38.000;1.000;18.0;5
0.322;0.120;241.200;1.400;0.000;0.000;0.0;0
2.458;0.190;241.310;10.600;37.000;1.000;0.0;7
3.484;0.222;238.430;14.600;0.000;1.000;17.0;1
3.82;0.554;234.120;16.600;0.000;21.000;16.0;7
1.882;0.000;243.620;7.800;0.000;0.000;18.0;8
0.222;0.000;244.910;1.000;0.000;0.000;0.0;0
0.388;0.226;241.490;1.800;0.000;0.000;0.0;0
0.224;0.000;244.210;1.000;0.000;0.000;0.0;0
1.588;0.128;242.010;6.600;0.000;2.000;0.0;6
2.298;0.000;240.070;9.400;0.000;0.000;0.0;6
1.468;0.090;239.600;6.000;0.000;0.000;18.0;8
3.376;0.234;236.810;14.200;0.000;1.000;17.0;1
1.378;0.094;238.760;5.800;0.000;0.000;18.0;8
3.532;0.156;238.750;14.800;0.000;0.000;18.0;1
0.31;0.096;241.700;1.400;0.000;0.000;0.0;0
3.792;0.362;236.770;16.400;1.000;32.000;17.0;2
2.362;0.070;240.100;9.800;0.000;1.000;0.0;6
1.578;0.064;234.660;6.600;0.000;0.000;0.0;6
3.002;0.862;235.090;13.400;0.000;1.000;17.0;1
1.84;0.110;243.630;7.600;2.000;0.000;18.0;8
0.362;0.208;240.580;1.600;0.000;1.000;0.0;0
0.442;0.168;245.910;1.800;0.000;0.000;0.0;0
0.354;0.224;239.110;1.800;0.000;0.000;0.0;0
2.892;0.282;234.560;12.400;0.000;0.000;17.0;1
0.386;0.000;246.200;1.600;0.000;0.000;0.0;0
3.184;0.088;238.560;13.200;0.000;0.000;18.0;1
0.298;0.076;242.090;1.200;0.000;0.000;0.0;0
0.202;0.118;243.480;1.000;0.000;0.000;0.0;0
0.252;0.000;243.550;1.000;0.000;0.000;0.0;0
0.384;0.232;242.260;1.800;0.000;0.000;0.0;0
4.034;0.330;238.120;17.000;0.000;2.000;0.0;6
0.182;0.000;240.270;0.800;0.000;0.000;0.0;0
2.584;0.336;240.450;11.400;0.000;0.000;0.0;6
1.458;0.092;236.750;6.000;0.000;0.000;17.0;8
0.25;0.048;240.240;1.000;0.000;0.000;0.0;0
2.904;0.242;235.330;13.000;8.000;5.000;17.0;1
8.106;0.286;231.660;35.000;1.000;70.000;17.0;4
2.284;0.000;239.330;9.400;0.000;0.000;0.0;6
0.398;0.110;242.520;1.800;0.000;0.000;0.0;0
0.206;0.000;241.240;0.800;0.000;0.000;0.0;0
0.334;0.182;243.170;1.600;0.000;0.000;0.0;0
1.868;0.000;240.120;7.800;0.000;0.000;18.0;8
2.118;0.000;241.260;8.600;2.000;0.000;17.0;8
1.636;0.138;242.210;6.800;0.000;0.000;0.0;6
1.254;0.162;236.760;5.400;0.000;0.000;0.0;6
0.304;0.096;243.180;1.200;0.000;0.000;0.0;0
0.518;0.108;239.540;2.400;0.000;0.000;0.0;0
6.146;0.182;232.770;26.600;36.000;0.000;16.0;5
0.318;0.132;243.670;1.400;0.000;2.000;0.0;0
2.188;0.282;241.960;9.000;0.000;0.000;18.0;8
1.0;0.310;240.390;4.400;0.000;1.000;0.0;0
0.358;0.182;241.030;1.600;0.000;1.000;0.0;0
0.294;0.100;243.300;1.200;0.000;0.000;0.0;0
1.654;0.000;239.550;6.800;1.000;0.000;17.0;8
2.55;0.164;243.030;10.400;0.000;0.000;0.0;6
1.444;0.196;237.270;6.000;0.000;0.000;18.0;8
0.396;0.252;242.450;1.800;0.000;0.000;0.0;0
0.202;0.000;244.960;0.800;0.000;0.000;0.0;0
1.366;0.000;239.680;5.600;0.000;0.000;18.0;8
2.706;0.074;241.100;11.200;0.000;0.000;18.0;1
0.212;0.000;236.930;0.800;0.000;0.000;0.0;0
4.544;0.472;241.570;18.800;40.000;0.000;0.0;7
0.38;0.214;239.300;1.800;0.000;0.000;0.0;0
0.422;0.294;241.640;2.000;0.000;0.000;0.0;0
0.29;0.102;243.370;1.200;0.000;2.000;0.0;0
1.632;0.074;234.190;7.000;0.000;0.000;17.0;8
3.718;0.132;238.640;15.600;0.000;36.000;18.0;2
1.298;0.150;240.980;5.400;0.000;0.000;0.0;0
2.716;0.000;238.790;11.200;0.000;0.000;18.0;1
4.972;0.324;234.660;21.200;38.000;0.000;17.0;5
0.38;0.108;243.260;1.600;1.000;0.000;0.0;0
0.3;0.102;240.030;1.400;0.000;2.000;0.0;0
3.666;0.174;237.780;15.400;0.000;36.000;18.0;2
0.22;0.136;239.850;1.000;0.000;0.000;0.0;0
0.296;0.092;244.410;1.200;0.000;0.000;0.0;0
0.462;0.332;238.850;2.400;0.000;1.000;0.0;0
0.738;0.000;244.400;3.000;0.000;0.000;0.0;0
0.31;0.262;241.540;1.600;0.000;1.000;0.0;0
5.992;0.000;235.360;25.600;0.000;0.000;17.0;5
1.502;0.186;242.490;6.200;0.000;0.000;18.0;8
1.132;0.000;234.340;4.800;0.000;0.000;17.0;8
0.312;0.146;243.520;1.400;0.000;0.000;0.0;0
3.134;0.524;233.530;13.600;0.000;1.000;0.0;6
3.47;0.050;240.050;14.600;0.000;24.000;17.0;7
0.24;0.000;242.420;1.000;0.000;0.000;0.0;0
0.264;0.000;239.500;1.000;0.000;0.000;0.0;0
0.508;0.138;244.850;2.400;0.000;1.000;0.0;0
5.714;0.242;231.990;24.600;37.000;36.000;16.0;2
1.762;0.222;237.490;7.400;0.000;0.000;17.0;8
2.676;0.120;234.710;11.400;0.000;0.000;17.0;1
1.434;0.198;236.620;6.000;0.000;0.000;17.0;8
1.226;0.284;237.040;5.200;0.000;1.000;0.0;6
0.316;0.172;244.550;1.400;0.000;0.000;0.0;0
0.726;0.186;243.320;3.000;0.000;1.000;0.0;0
0.43;0.000;245.150;2.000;0.000;0.000;0.0;0
2.904;0.344;239.220;12.200;39.000;0.000;0.0;7
0.22;0.000;242.860;0.800;0.000;0.000;0.0;0
0.302;0.102;241.320;1.200;0.000;1.000;0.0;0
1.428;0.000;240.030;6.000;1.000;0.000;0.0;6
1.85;0.296;235.710;7.800;0.000;2.000;17.0;8
0.16;0.000;239.230;0.600;0.000;0.000;0.0;0
1.296;0.000;241.830;5.200;0.000;0.000;18.0;8
0.338;0.120;240.770;1.400;0.000;1.000;0.0;0
1.304;0.000;237.750;5.400;0.000;0.000;18.0;8
2.364;0.068;240.540;9.800;0.000;0.000;0.0;6
0.23;0.000;242.500;1.000;0.000;0.000;0.0;0
0.472;0.188;241.600;2.200;0.000;0.000;0.0;0
1.348;0.000;245.540;5.400;0.000;0.000;19.0;8
0.224;0.132;239.990;1.000;0.000;0.000;0.0;0
0.258;0.048;242.560;1.200;0.000;0.000;0.0;0
1.626;0.270;241.760;6.800;0.000;18.000;0.0;7
2.448;0.108;240.030;10.200;0.000;1.000;0.0;6
0.296;0.072;239.230;1.200;0.000;0.000;0.0;0
0.226;0.000;241.230;1.000;0.000;0.000;0.0;0
1.672;0.076;240.170;7.000;0.000;0.000;18.0;8
1.336;0.120;239.110;5.600;0.000;1.000;17.0;8
0.3;0.134;242.750;1.400;0.000;0.000;0.0;0
1.314;0.000;241.600;5.400;0.000;0.000;18.0;8
0.95;0.000;236.350;4.200;0.000;1.000;0.0;6
0.338;0.144;245.540;1.400;0.000;0.000;0.0;0
0.412;0.266;244.250;2.000;0.000;1.000;0.0;0
0.224;0.000;242.590;1.000;0.000;0.000;0.0;0
0.324;0.132;243.310;1.400;0.000;0.000;0.0;0
0.316;0.000;244.950;1.400;0.000;0.000;0.0;0
2.092;0.190;237.850;8.800;0.000;0.000;18.0;8
2.282;0.252;241.150;9.400;0.000;0.000;18.0;8
0.288;0.088;240.630;1.200;0.000;0.000;0.0;0
0.346;0.184;240.920;1.600;0.000;0.000;0.0;0
1.288;0.000;241.460;5.200;0.000;0.000;0.0;0
0.308;0.132;245.750;1.400;0.000;1.000;0.0;0
1.428;0.200;238.380;6.000;0.000;0.000;17.0;8
0.214;0.000;244.830;0.800;0.000;0.000;0.0;0
0.216;0.000;244.530;1.000;0.000;0.000;0.0;0
0.124;0.000;240.850;0.600;0.000;0.000;0.0;0
0.21;0.000;241.500;1.000;0.000;0.000;0.0;0
0.292;0.078;242.700;1.200;0.000;0.000;0.0;0
2.876;0.132;237.070;12.000;0.000;0.000;18.0;1
1.888;0.518;238.730;8.200;0.000;1.000;18.0;8
0.418;0.232;240.130;2.000;0.000;0.000;0.0;0
2.79;0.000;238.550;11.600;0.000;0.000;17.0;1
1.372;0.100;239.630;5.600;0.000;0.000;17.0;8
0.248;0.000;244.010;1.000;0.000;0.000;0.0;0
0.626;0.442;241.780;3.200;0.000;0.000;0.0;0
1.42;0.082;239.810;5.800;0.000;0.000;18.0;8
1.224;0.112;240.300;6.200;0.000;0.000;0.0;6
0.294;0.000;240.950;1.400;0.000;0.000;0.0;0
1.274;0.188;232.400;5.400;0.000;1.000;17.0;8
0.33;0.184;232.400;1.600;0.000;1.000;0.0;0
0.318;0.110;238.980;1.400;0.000;0.000;0.0;0
1.234;0.076;235.570;5.200;0.000;0.000;17.0;8
2.426;0.144;244.220;9.800;0.000;0.000;19.0;8
3.312;0.238;239.580;14.000;0.000;27.000;18.0;2
1.532;0.070;237.140;6.400;0.000;0.000;18.0;8
2.356;0.000;236.330;9.800;0.000;1.000;0.0;6
3.152;0.388;241.030;13.200;0.000;21.000;17.0;7
0.216;0.000;239.680;0.800;0.000;0.000;0.0;0
1.296;0.142;240.490;5.400;0.000;1.000;0.0;6
2.1;0.190;241.280;8.600;0.000;0.000;18.0;8
0.214;0.000;239.900;0.800;0.000;0.000;0.0;0
0.266;0.000;242.330;1.200;0.000;0.000;0.0;0
0.428;0.204;238.880;2.000;0.000;0.000;0.0;0
0.92;0.058;240.750;3.800;0.000;0.000;0.0;0
3.05;0.392;238.280;13.000;0.000;0.000;18.0;1
1.376;0.000;243.110;7.200;0.000;0.000;0.0;6
0.318;0.070;242.100;1.400;0.000;2.000;0.0;0
0.244;0.000;244.980;1.000;0.000;0.000;0.0;0
4.516;0.630;236.020;19.200;38.000;0.000;0.0;7
0.666;0.148;239.840;3.000;0.000;2.000;0.0;0
1.066;0.096;239.950;4.400;0.000;1.000;0.0;0
0.218;0.000;242.080;0.800;0.000;0.000;0.0;0
0.482;0.132;242.100;2.000;0.000;1.000;0.0;0
1.382;0.114;241.910;5.600;0.000;2.000;18.0;8
2.86;0.178;240.650;11.800;0.000;1.000;18.0;1
2.424;0.202;238.320;10.200;0.000;0.000;0.0;6
2.364;0.086;240.730;9.800;0.000;1.000;0.0;6
0.256;0.000;241.870;1.200;0.000;0.000;0.0;0
0.3;0.120;247.160;1.200;0.000;0.000;0.0;0
1.806;0.120;242.070;7.400;0.000;1.000;18.0;8
1.84;0.106;239.780;7.800;0.000;2.000;17.0;8
1.366;0.000;238.670;5.600;1.000;0.000;17.0;8
1.462;0.226;240.650;6.000;0.000;1.000;18.0;8
2.294;0.048;239.040;9.600;0.000;0.000;0.0;6
1.364;0.000;241.070;5.600;1.000;0.000;18.0;8
3.26;0.000;234.440;14.000;0.000;19.000;17.0;7
1.296;0.174;238.670;5.400;0.000;1.000;0.0;6
0.212;0.122;239.730;1.000;0.000;2.000;0.0;0
0.796;0.000;237.810;3.600;0.000;0.000;0.0;0
1.448;0.164;245.580;5.800;0.000;0.000;19.0;8
2.122;0.048;235.810;9.000;0.000;0.000;17.0;8
0.452;0.084;241.700;2.000;0.000;0.000;0.0;0
0.322;0.150;244.380;1.400;0.000;0.000;0.0;0
2.28;0.000;239.770;9.400;0.000;0.000;0.0;6
3.468;0.106;237.980;14.400;0.000;0.000;17.0;1
0.32;0.124;241.520;1.400;0.000;0.000;0.0;0
0.518;0.068;239.800;2.200;0.000;0.000;0.0;0
0.424;0.254;241.780;2.000;0.000;1.000;0.0;0
1.4;0.090;241.940;5.800;0.000;0.000;18.0;8
0.23;0.000;244.640;1.000;0.000;0.000;0.0;0
3.202;0.246;233.720;13.800;0.000;0.000;17.0;1
0.118;0.000;243.050;0.600;0.000;0.000;0.0;0
0.31;0.068;241.910;1.200;0.000;1.000;0.0;0
1.498;0.222;238.810;6.200;0.000;1.000;17.0;8
3.744;0.186;238.470;15.600;0.000;1.000;0.0;6
5.606;0.496;231.700;24.200;0.000;34.000;17.0;2
4.172;0.510;239.440;17.400;0.000;2.000;0.0;6
0.228;0.000;243.640;1.000;0.000;0.000;0.0;0
2.256;0.000;239.650;9.400;0.000;0.000;18.0;8
0.216;0.000;240.650;0.800;0.000;0.000;0.0;0
0.27;0.000;245.460;1.200;0.000;0.000;0.0;0
3.516;0.098;236.250;14.800;0.000;1.000;17.0;1
2.81;0.150;236.560;11.800;0.000;0.000;17.0;1
0.336;0.120;240.130;1.400;0.000;1.000;0.0;0
0.396;0.270;243.160;2.000;0.000;0.000;0.0;0
0.528;0.086;239.860;2.600;0.000;0.000;0.0;0
0.314;0.148;244.590;1.400;0.000;0.000;0.0;0
1.364;0.000;239.420;5.600;0.000;0.000;17.0;8
1.978;0.120;238.070;8.400;0.000;0.000;17.0;8
0.77;0.350;241.420;3.400;0.000;1.000;0.0;0
5.262;0.408;238.300;22.200;0.000;0.000;18.0;1
0.408;0.068;237.960;1.800;0.000;0.000;0.0;0
2.858;0.000;244.390;11.600;0.000;1.000;18.0;1
0.61;0.162;238.300;2.800;0.000;0.000;0.0;0
2.96;0.214;231.470;13.000;0.000;6.000;17.0;1
0.378;0.000;244.620;1.600;0.000;0.000;0.0;0
0.308;0.162;243.100;1.400;0.000;0.000;0.0;0
0.51;0.052;234.740;2.200;0.000;0.000;0.0;0
0.348;0.194;245.180;1.600;0.000;0.000;0.0;0
0.306;0.114;242.930;1.400;0.000;2.000;0.0;0
0.222;0.046;246.620;1.000;0.000;0.000;0.0;0
0.376;0.208;237.920;1.800;0.000;0.000;0.0;0
0.574;0.000;247.280;4.000;0.000;0.000;0.0;0
0.388;0.122;240.530;1.600;0.000;2.000;0.0;0
2.008;0.284;244.500;8.200;0.000;2.000;18.0;8
0.418;0.194;242.480;1.800;0.000;1.000;0.0;0
2.674;0.064;236.240;11.200;0.000;2.000;17.0;1
1.346;0.000;246.600;5.400;0.000;0.000;16.0;8
5.9;0.000;232.420;25.200;37.000;0.000;17.0;5
0.38;0.000;244.620;1.600;0.000;0.000;0.0;0
0.818;0.100;239.340;3.400;0.000;0.000;0.0;0
1.474;0.110;239.960;6.000;0.000;0.000;17.0;8
1.95;0.214;239.560;8.200;0.000;2.000;16.0;8
0.422;0.228;242.260;2.000;0.000;0.000;0.0;0
0.31;0.116;246.710;1.400;0.000;0.000;0.0;0
0.284;0.112;243.940;1.200;0.000;2.000;0.0;0
2.294;0.000;240.520;9.400;0.000;0.000;0.0;6
0.124;0.000;237.830;0.600;0.000;0.000;0.0;0
0.298;0.074;240.020;1.200;0.000;0.000;0.0;0
1.558;0.230;240.650;6.600;0.000;0.000;18.0;8
0.264;0.000;241.190;1.200;0.000;0.000;0.0;0
0.232;0.138;241.650;1.000;0.000;0.000;0.0;0
1.936;0.088;239.720;8.800;0.000;1.000;0.0;6
0.326;0.130;243.240;1.400;0.000;0.000;0.0;0
0.688;0.104;242.110;2.800;0.000;1.000;0.0;0
0.43;0.166;246.140;1.800;0.000;0.000;0.0;0
3.432;0.100;237.490;14.400;0.000;1.000;17.0;1
0.33;0.166;240.450;1.600;0.000;0.000;0.0;0
0.306;0.112;238.070;1.400;0.000;0.000;0.0;0
0.214;0.000;243.210;1.000;0.000;0.000;0.0;0
2.478;0.114;243.680;10.200;0.000;18.000;19.0;7
0.47;0.000;239.110;2.000;0.000;0.000;0.0;0
0.64;0.230;238.110;2.800;0.000;1.000;0.0;0
0.214;0.000;240.020;0.800;0.000;0.000;0.0;0
3.83;0.000;236.150;16.200;37.000;0.000;17.0;5
1.424;0.138;242.410;5.800;0.000;0.000;18.0;8
0.354;0.148;243.440;1.600;0.000;0.000;0.0;0
1.52;0.156;243.680;6.200;0.000;0.000;18.0;8
5.638;0.246;235.290;24.000;37.000;17.000;17.0;2
0.316;0.000;239.840;1.400;0.000;0.000;0.0;0
0.592;0.000;247.280;2.400;0.000;0.000;0.0;0
0.636;0.104;241.780;2.600;0.000;0.000;0.0;0
0.322;0.134;243.640;1.400;0.000;0.000;0.0;0
1.392;0.100;243.560;5.600;0.000;2.000;18.0;8
0.458;0.216;238.420;2.000;0.000;2.000;0.0;0
1.77;0.470;239.240;7.600;0.000;0.000;18.0;8
8.776;0.512;229.900;38.200;36.000;35.000;16.0;2
0.334;0.178;244.740;1.600;0.000;0.000;0.0;0
0.224;0.000;242.200;1.000;0.000;0.000;0.0;0
1.658;0.156;237.530;7.200;0.000;0.000;17.0;8
2.764;0.064;233.860;11.800;0.000;0.000;17.0;1
0.468;0.300;241.600;2.200;0.000;1.000;0.0;0
1.386;0.108;238.660;5.800;0.000;0.000;18.0;8
4.766;0.000;236.090;20.200;0.000;0.000;0.0;6
0.474;0.342;240.690;2.400;0.000;1.000;0.0;0
0.23;0.000;243.890;1.000;0.000;0.000;0.0;0
3.63;0.000;237.710;15.200;0.000;0.000;17.0;1
0.296;0.000;242.590;1.400;0.000;0.000;0.0;0
0.896;0.138;235.490;4.000;0.000;2.000;0.0;6
3.958;0.062;235.600;16.800;0.000;3.000;17.0;1
3.004;0.540;237.650;13.600;21.000;1.000;17.0;1
0.296;0.126;242.960;1.400;0.000;1.000;0.0;0
3.34;0.266;239.870;14.400;0.000;0.000;18.0;1
3.264;0.164;233.510;14.000;0.000;0.000;17.0;1
1.436;0.208;238.880;6.000;0.000;2.000;18.0;8
0.224;0.000;245.090;1.000;0.000;0.000;0.0;0
0.108;0.000;236.300;0.600;0.000;0.000;0.0;0
2.39;0.114;240.120;9.800;0.000;0.000;0.0;6
6.676;0.000;230.880;28.800;0.000;69.000;16.0;4
0.348;0.118;242.940;1.400;0.000;0.000;0.0;0
0.218;0.000;241.730;1.000;0.000;0.000;0.0;0
2.312;0.048;242.800;9.400;0.000;0.000;0.0;6
2.482;0.254;245.500;10.200;0.000;1.000;18.0;8
0.556;0.000;238.500;2.400;0.000;1.000;0.0;0
0.252;0.000;240.780;1.200;0.000;0.000;0.0;0
4.566;0.116;236.430;19.200;0.000;41.000;17.0;2
0.24;0.000;244.300;1.000;0.000;1.000;0.0;0
2.004;0.100;235.720;8.400;0.000;0.000;0.0;6
0.316;0.128;243.800;1.400;0.000;0.000;0.0;0
0.122;0.000;239.130;0.600;0.000;0.000;0.0;0
1.516;0.108;245.690;6.200;1.000;0.000;18.0;8
0.13;0.000;242.070;0.600;0.000;0.000;0.0;0
0.316;0.090;240.530;1.400;0.000;0.000;0.0;0
0.28;0.106;244.020;1.400;0.000;0.000;0.0;0
1.056;0.288;240.420;4.800;0.000;2.000;0.0;6
1.494;0.304;239.600;6.200;0.000;0.000;17.0;8
0.312;0.134;241.350;1.400;0.000;0.000;0.0;0
0.238;0.000;241.970;1.000;0.000;0.000;0.0;0
2.19;0.126;233.950;9.400;0.000;0.000;17.0;8
1.59;0.096;243.510;6.600;0.000;1.000;18.0;8
0.326;0.122;237.890;1.400;0.000;0.000;0.0;0
0.39;0.102;242.130;2.000;0.000;0.000;0.0;0
1.98;0.170;242.720;8.200;0.000;0.000;18.0;8
4.696;0.150;236.770;19.800;38.000;0.000;17.0;5
3.0;0.198;237.670;12.600;0.000;0.000;0.0;6
0.314;0.118;240.390;1.400;0.000;0.000;0.0;0
0.302;0.214;235.950;1.600;0.000;1.000;0.0;0
0.918;0.138;239.660;4.000;0.000;0.000;0.0;0
1.464;0.094;241.310;6.200;0.000;0.000;15.0;8
0.172;0.070;238.870;0.800;0.000;0.000;0.0;0
0.472;0.342;240.620;2.400;0.000;1.000;0.0;0
0.226;0.000;242.510;1.000;0.000;0.000;0.0;0
1.226;0.362;240.580;6.200;0.000;0.000;0.0;6
0.382;0.110;243.510;1.600;1.000;0.000;0.0;0
1.8;0.300;235.940;7.600;0.000;1.000;17.0;8
3.524;0.078;233.990;15.000;37.000;0.000;17.0;5
4.358;0.458;234.420;18.600;0.000;1.000;16.0;1
1.37;0.122;240.530;5.600;0.000;1.000;18.0;8
0.322;0.156;246.240;1.400;0.000;0.000;0.0;0
0.332;0.132;243.050;1.400;0.000;0.000;0.0;0
1.318;0.000;243.120;5.400;0.000;0.000;18.0;8
2.536;0.000;238.260;10.600;0.000;0.000;0.0;6
0.88;0.162;246.000;3.800;0.000;0.000;0.0;0
0.206;0.000;246.630;0.800;0.000;0.000;0.0;0
1.286;0.146;238.240;5.400;0.000;0.000;0.0;6
1.388;0.120;242.070;5.600;0.000;1.000;18.0;8
1.292;0.000;240.420;5.400;0.000;0.000;17.0;8
2.376;0.000;240.530;9.800;0.000;0.000;0.0;6
2.5;0.160;246.880;10.000;0.000;0.000;0.0;6
0.416;0.238;240.980;2.000;0.000;2.000;0.0;0
0.224;0.000;242.000;1.000;0.000;0.000;0.0;0
3.408;0.000;238.270;14.200;0.000;0.000;17.0;1
0.922;0.262;241.110;4.000;0.000;1.000;0.0;0
0.626;0.140;247.120;2.600;0.000;0.000;0.0;0
1.274;0.062;238.500;5.200;0.000;0.000;17.0;8
1.72;0.086;238.450;7.200;0.000;0.000;17.0;8
1.46;0.058;237.800;6.200;0.000;0.000;0.0;6
0.286;0.100;239.210;1.200;0.000;2.000;0.0;0
1.414;0.180;240.070;6.000;0.000;0.000;0.0;6
1.574;0.064;234.150;6.600;0.000;0.000;0.0;6
0.322;0.128;242.540;1.400;0.000;0.000;0.0;0
0.64;0.098;247.700;2.600;0.000;0.000;0.0;0
0.246;0.000;242.100;1.000;0.000;0.000;0.0;0
0.292;0.110;240.590;1.200;0.000;2.000;0.0;0
0.326;0.150;246.780;1.400;0.000;0.000;0.0;0
0.418;0.218;233.720;2.200;0.000;0.000;0.0;0
2.356;0.000;237.360;9.800;0.000;0.000;17.0;8
0.206;0.000;241.430;0.800;0.000;0.000;0.0;0
1.856;0.360;239.780;8.000;1.000;1.000;17.0;8
3.572;0.056;237.010;15.400;0.000;2.000;17.0;1
0.546;0.208;240.580;2.400;0.000;2.000;0.0;0
1.27;0.162;234.830;5.400;0.000;2.000;17.0;8
0.234;0.000;242.980;1.000;0.000;0.000;0.0;0
1.728;0.230;236.350;7.200;0.000;2.000;17.0;8
0.308;0.112;239.770;1.400;0.000;0.000;0.0;0
0.654;0.122;242.330;2.800;0.000;0.000;0.0;0
0.218;0.000;241.400;0.800;0.000;0.000;0.0;0
0.236;0.000;244.500;1.000;0.000;0.000;0.0;0
1.342;0.000;244.930;5.400;0.000;0.000;18.0;8
2.772;0.094;233.540;11.800;0.000;0.000;17.0;1
2.688;0.052;237.740;11.200;0.000;0.000;0.0;6
0.33;0.124;246.900;1.400;0.000;0.000;0.0;0
1.856;0.260;238.640;7.800;1.000;0.000;17.0;8
0.458;0.292;241.270;2.200;0.000;2.000;0.0;0
2.43;0.066;244.000;9.800;0.000;0.000;0.0;6
2.236;0.000;241.630;9.400;0.000;0.000;0.0;6
0.31;0.098;246.700;1.400;0.000;1.000;0.0;0
0.242;0.000;243.490;1.000;0.000;0.000;0.0;0
0.39;0.230;243.040;1.800;0.000;0.000;0.0;0
1.474;0.000;240.410;6.000;0.000;0.000;0.0;6
0.36;0.138;239.700;1.600;0.000;0.000;0.0;0
1.358;0.090;239.090;5.600;0.000;0.000;17.0;8
1.578;0.082;242.420;6.400;0.000;0.000;18.0;8
0.244;0.000;243.020;1.000;0.000;0.000;0.0;0
1.486;0.122;239.230;6.200;0.000;0.000;18.0;8
1.68;0.370;238.960;7.200;0.000;0.000;18.0;8
0.298;0.126;245.090;1.200;0.000;1.000;0.0;0
1.376;0.160;239.770;5.800;0.000;0.000;17.0;8
2.246;0.116;238.370;9.600;0.000;14.000;18.0;7
1.766;0.406;243.950;7.400;0.000;0.000;18.0;8
0.414;0.204;241.740;1.800;0.000;2.000;0.0;0
3.27;0.000;236.260;13.800;0.000;0.000;17.0;1
0.934;0.146;241.050;3.800;0.000;0.000;0.0;0
1.986;0.000;239.060;8.400;2.000;0.000;18.0;8
0.208;0.000;240.170;1.000;0.000;0.000;0.0;0
0.39;0.116;238.820;1.600;0.000;0.000;0.0;0
3.368;0.000;232.860;14.400;36.000;0.000;16.0;5
2.374;0.118;240.690;9.800;0.000;0.000;0.0;6
2.566;0.188;240.610;10.800;0.000;1.000;18.0;1
1.276;0.000;238.340;5.200;0.000;0.000;18.0;8
2.49;0.218;242.270;10.200;0.000;1.000;0.0;6
1.602;0.072;244.130;6.600;0.000;0.000;0.0;0
0.308;0.132;241.940;1.400;0.000;0.000;0.0;0
0.29;0.148;245.590;1.400;0.000;0.000;0.0;0
1.324;0.000;242.290;5.400;0.000;0.000;18.0;8
0.916;0.262;240.950;4.000;0.000;2.000;0.0;6
1.39;0.064;239.970;5.800;0.000;0.000;17.0;8
0.214;0.000;243.190;1.000;0.000;0.000;0.0;0
4.742;0.000;233.360;20.200;36.000;0.000;17.0;5
0.294;0.108;243.330;1.200;0.000;2.000;0.0;0
0.216;0.000;246.110;1.000;0.000;0.000;0.0;0
3.672;0.186;237.810;15.400;39.000;0.000;17.0;5
0.226;0.000;247.330;1.000;0.000;0.000;0.0;0
0.242;0.000;242.890;1.000;0.000;0.000;0.0;0
0.334;0.118;239.640;1.600;0.000;0.000;0.0;0
0.292;0.080;243.350;1.200;0.000;0.000;0.0;0
0.326;0.134;242.790;1.400;0.000;0.000;0.0;0
0.324;0.106;240.970;1.400;0.000;0.000;0.0;0
0.318;0.114;241.780;1.400;0.000;1.000;0.0;0
0.324;0.094;241.670;1.400;0.000;0.000;0.0;0
0.368;0.082;240.170;1.600;0.000;1.000;0.0;0
0.288;0.112;241.660;1.200;0.000;2.000;0.0;0
0.326;0.122;243.290;1.400;0.000;0.000;0.0;0
2.488;0.160;238.350;10.400;1.000;36.000;0.0;3
0.29;0.094;244.810;1.200;0.000;1.000;0.0;0
3.3;0.304;233.960;14.000;0.000;2.000;16.0;1
0.308;0.142;242.910;1.400;0.000;0.000;0.0;0
1.56;0.000;237.580;6.400;0.000;0.000;17.0;8
0.294;0.104;240.410;1.200;0.000;2.000;0.0;0
1.498;0.092;237.200;6.200;1.000;0.000;17.0;8
3.216;0.312;237.660;13.600;0.000;0.000;17.0;1
2.302;0.000;240.520;9.400;0.000;0.000;0.0;6
0.208;0.000;245.270;0.800;0.000;0.000;0.0;0
1.31;0.000;241.500;5.400;0.000;0.000;18.0;8
2.516;0.066;239.320;11.200;0.000;0.000;18.0;1
1.38;0.092;241.240;5.600;0.000;0.000;0.0;0
1.938;0.356;243.710;8.000;1.000;0.000;19.0;8
0.318;0.118;241.320;1.400;0.000;0.000;0.0;0
3.61;0.100;237.970;15.200;0.000;38.000;17.0;2
0.734;0.100;240.840;3.600;0.000;0.000;0.0;0
3.454;0.000;244.140;14.000;0.000;0.000;18.0;1
1.454;0.098;241.420;6.000;0.000;0.000;18.0;8
0.73;0.068;232.600;3.400;0.000;0.000;0.0;6
1.382;0.098;240.230;5.600;0.000;0.000;18.0;8
0.434;0.000;247.210;2.000;0.000;0.000;0.0;0
0.214;0.000;240.930;0.800;0.000;0.000;0.0;0
0.298;0.102;243.420;1.200;0.000;0.000;0.0;0
2.548;0.068;238.300;10.600;0.000;0.000;18.0;1
1.324;0.066;236.750;5.600;0.000;0.000;17.0;8
0.226;0.000;243.760;1.000;0.000;0.000;0.0;0
0.274;0.000;243.120;1.200;0.000;0.000;0.0;0
2.268;0.000;237.700;9.400;0.000;0.000;0.0;6
0.264;0.092;237.050;1.200;0.000;0.000;0.0;0
2.146;0.062;240.310;8.800;0.000;0.000;18.0;8
0.378;0.064;243.560;1.600;0.000;1.000;0.0;0
2.352;0.148;240.060;10.800;0.000;13.000;18.0;7
0.24;0.000;242.800;1.000;0.000;0.000;0.0;0
0.442;0.130;243.340;2.000;0.000;0.000;0.0;0
2.738;0.000;236.720;11.600;0.000;0.000;18.0;1
0.48;0.336;239.320;2.400;0.000;2.000;0.0;0
1.634;0.000;241.640;6.600;0.000;0.000;18.0;8
0.252;0.000;243.120;1.000;0.000;0.000;0.0;0
0.338;0.158;244.370;1.600;0.000;0.000;0.0;0
0.222;0.000;242.770;1.000;0.000;0.000;0.0;0
2.376;0.118;241.470;9.800;0.000;0.000;0.0;6
2.216;0.000;232.530;9.600;1.000;0.000;17.0;1
0.298;0.152;240.130;1.400;0.000;0.000;0.0;0
0.218;0.000;244.460;1.000;0.000;0.000;0.0;0
1.364;0.000;239.500;5.600;1.000;0.000;17.0;8
2.502;0.366;238.410;10.600;0.000;0.000;0.0;6
6.634;0.472;234.050;28.400;0.000;36.000;17.0;2
1.366;0.112;237.160;6.000;0.000;0.000;0.0;6
0.326;0.250;242.160;1.600;0.000;1.000;0.0;0
0.286;0.108;244.680;1.200;0.000;0.000;0.0;0
1.306;0.058;241.630;5.400;0.000;0.000;18.0;8
0.246;0.000;242.810;1.000;0.000;0.000;0.0;0
0.314;0.116;239.750;1.400;0.000;0.000;0.0;0
1.62;0.000;238.310;7.200;0.000;0.000;17.0;8
0.282;0.096;239.880;1.200;0.000;0.000;0.0;0
1.406;0.146;243.720;5.800;0.000;0.000;18.0;8
1.326;0.000;238.670;5.600;0.000;0.000;18.0;8
1.992;0.000;243.500;8.800;0.000;0.000;0.0;6
0.318;0.122;241.520;1.400;0.000;1.000;0.0;0
0.226;0.130;238.500;1.000;0.000;0.000;0.0;0
3.262;0.274;233.410;14.000;0.000;0.000;17.0;1
0.274;0.078;244.940;1.200;0.000;0.000;0.0;0
0.888;0.124;242.850;5.400;0.000;0.000;0.0;0
1.058;0.166;242.360;4.400;0.000;0.000;0.0;0
2.332;0.462;242.340;10.000;0.000;0.000;18.0;8
3.074;0.272;238.430;12.800;0.000;1.000;17.0;1
1.322;0.000;239.620;5.400;0.000;0.000;18.0;8
0.26;0.000;243.330;1.200;0.000;0.000;0.0;0
0.22;0.000;244.450;1.000;0.000;0.000;0.0;0
1.818;0.070;238.890;7.600;0.000;0.000;18.0;8
1.268;0.102;239.710;5.200;0.000;1.000;18.0;8
2.416;0.186;239.720;10.000;0.000;1.000;0.0;6
0.406;0.206;242.310;1.800;0.000;2.000;0.0;0
0.372;0.218;242.990;1.800;0.000;1.000;0.0;0
2.008;0.276;243.720;8.200;0.000;2.000;18.0;8
1.756;0.128;242.930;7.200;0.000;0.000;18.0;8
0.22;0.000;242.270;0.800;0.000;0.000;0.0;0
3.044;0.160;242.370;12.400;0.000;0.000;0.0;6
0.222;0.000;243.060;1.000;0.000;0.000;0.0;0
2.394;0.220;236.280;10.000;0.000;0.000;17.0;8
0.398;0.260;241.450;2.000;0.000;0.000;0.0;0
1.324;0.000;241.700;5.400;0.000;0.000;18.0;8
1.878;0.136;237.710;8.000;0.000;0.000;17.0;8
1.714;0.206;236.740;7.200;1.000;1.000;18.0;8
1.554;0.000;243.960;6.400;2.000;0.000;19.0;8
0.332;0.124;240.630;1.400;0.000;1.000;0.0;0
0.338;0.170;242.840;1.600;0.000;0.000;0.0;0
1.638;0.048;243.320;6.800;0.000;0.000;18.0;8
0.318;0.134;243.960;1.400;0.000;0.000;0.0;0
2.44;0.470;237.630;10.400;0.000;1.000;0.0;6
0.438;0.190;241.530;2.200;0.000;1.000;0.0;0
1.928;0.000;242.510;8.000;0.000;0.000;18.0;8
0.222;0.000;242.420;1.000;0.000;0.000;0.0;0
1.414;0.072;240.380;5.800;0.000;0.000;18.0;8
0.24;0.000;243.310;1.000;0.000;0.000;0.0;0
1.19;0.254;240.860;5.800;0.000;0.000;0.0;0
0.27;0.000;244.200;1.400;0.000;1.000;0.0;0
0.26;0.134;241.920;1.200;0.000;0.000;0.0;0
0.384;0.230;241.980;1.800;0.000;0.000;0.0;0
0.222;0.000;241.500;1.000;0.000;0.000;0.0;0
0.354;0.194;237.420;1.600;0.000;1.000;0.0;0
1.374;0.106;240.340;5.600;0.000;0.000;18.0;8
0.29;0.086;238.910;1.200;0.000;0.000;0.0;0
0.31;0.106;237.910;1.400;0.000;0.000;0.0;0
0.272;0.000;241.060;1.200;0.000;0.000;0.0;0
2.434;0.106;239.950;10.000;0.000;1.000;0.0;6
0.214;0.000;244.600;1.000;0.000;0.000;0.0;0
1.344;0.088;239.360;5.600;0.000;1.000;18.0;8
1.41;0.120;239.130;5.800;0.000;0.000;18.0;8
1.496;0.000;241.820;6.200;1.000;1.000;18.0;8
3.724;0.090;238.070;15.600;39.000;1.000;18.0;5
0.596;0.126;239.770;2.400;0.000;0.000;0.0;0
3.396;0.090;238.670;14.200;0.000;1.000;17.0;1
2.62;0.000;239.820;10.800;0.000;0.000;0.0;6
2.618;0.138;243.720;10.600;0.000;0.000;0.0;6
2.278;0.000;240.180;9.400;0.000;0.000;0.0;6
1.222;0.000;241.400;5.000;0.000;0.000;0.0;0
1.356;0.078;237.970;5.600;0.000;0.000;17.0;8
2.632;0.140;238.230;11.000;0.000;0.000;17.0;8
1.318;0.000;241.380;5.400;0.000;0.000;18.0;8
0.288;0.108;241.660;1.200;0.000;1.000;0.0;0
3.082;0.248;234.510;13.200;0.000;1.000;17.0;1
0.67;0.238;241.270;3.200;0.000;0.000;0.0;0
2.874;0.326;235.580;12.200;0.000;1.000;17.0;1
0.354;0.116;239.170;1.600;0.000;0.000;0.0;0
1.22;0.000;240.020;5.000;0.000;0.000;17.0;8
0.372;0.264;246.120;1.800;0.000;1.000;0.0;0
0.42;0.296;244.550;2.000;0.000;1.000;0.0;0
2.714;0.308;239.010;11.400;0.000;2.000;17.0;1
0.398;0.226;237.370;1.800;0.000;1.000;0.0;0
2.226;0.604;239.450;9.600;0.000;0.000;17.0;8
1.852;0.126;236.060;7.800;0.000;0.000;17.0;8
3.568;0.074;236.600;15.000;37.000;0.000;17.0;5
0.224;0.000;245.070;1.000;0.000;0.000;0.0;0
2.364;0.000;238.120;9.800;0.000;0.000;17.0;8
0.368;0.060;243.180;1.800;0.000;0.000;0.0;0
2.148;0.048;238.760;9.000;1.000;0.000;17.0;8
0.29;0.082;241.920;1.200;0.000;1.000;0.0;0
1.294;0.182;240.370;5.400;0.000;0.000;0.0;0
0.72;0.238;243.830;3.000;0.000;0.000;0.0;0
0.424;0.272;242.920;2.000;0.000;1.000;0.0;0
0.278;0.098;244.990;1.200;0.000;0.000;0.0;0
1.198;0.264;243.310;6.600;0.000;1.000;0.0;6
2.576;0.196;235.680;10.800;0.000;0.000;17.0;1
0.988;0.000;238.360;4.000;0.000;0.000;0.0;0
1.408;0.112;241.930;5.800;0.000;0.000;18.0;8
0.314;0.150;245.010;1.400;0.000;0.000;0.0;0
0.184;0.000;241.570;1.000;0.000;0.000;0.0;0
4.984;0.162;232.780;21.400;36.000;1.000;17.0;5
0.412;0.000;240.670;2.000;0.000;0.000;0.0;0
3.392;0.056;237.750;14.200;0.000;0.000;18.0;1
0.308;0.096;242.380;1.400;0.000;0.000;0.0;0
0.38;0.212;242.060;1.800;0.000;2.000;0.0;0
0.226;0.000;246.350;1.000;0.000;0.000;0.0;0
0.322;0.124;242.440;1.400;0.000;0.000;0.0;0
0.128;0.000;236.590;0.600;0.000;0.000;0.0;0
0.222;0.000;244.630;1.000;0.000;0.000;0.0;0
0.32;0.132;243.380;1.400;0.000;2.000;0.0;0
0.3;0.228;239.260;1.600;0.000;0.000;0.0;0
0.674;0.110;242.850;2.800;0.000;0.000;0.0;0
0.358;0.214;245.350;1.600;0.000;0.000;0.0;0
5.406;0.512;233.130;23.400;37.000;0.000;0.0;7
1.372;0.082;241.560;7.000;0.000;0.000;0.0;6
0.378;0.226;242.940;1.800;0.000;1.000;0.0;0
0.554;0.000;245.350;2.600;0.000;0.000;0.0;0
1.442;0.204;237.690;6.000;0.000;1.000;18.0;8
0.23;0.000;240.940;1.000;0.000;0.000;0.0;0
2.38;0.058;236.000;10.000;0.000;0.000;0.0;6
0.278;0.000;245.640;1.400;0.000;0.000;0.0;0
1.43;0.128;240.880;5.800;0.000;0.000;17.0;8
1.568;0.088;243.240;6.400;0.000;2.000;19.0;8
1.348;0.098;233.830;5.800;0.000;0.000;17.0;8
2.97;0.250;235.440;12.800;0.000;1.000;17.0;1
0.314;0.136;242.760;1.400;0.000;1.000;0.0;0
0.312;0.120;240.530;1.400;0.000;0.000;0.0;0
2.374;0.082;240.870;9.800;0.000;0.000;17.0;8
0.292;0.078;244.980;1.200;0.000;0.000;0.0;0
0.222;0.000;246.030;1.000;0.000;0.000;0.0;0
2.256;0.000;238.610;9.400;0.000;0.000;0.0;6
0.218;0.000;242.400;1.000;0.000;0.000;0.0;0
0.284;0.100;239.360;1.200;0.000;1.000;0.0;0
0.366;0.124;243.640;1.600;0.000;0.000;0.0;0
1.352;0.000;238.790;5.600;1.000;0.000;18.0;8
0.374;0.200;242.180;1.600;0.000;1.000;0.0;0
1.564;0.092;244.940;6.400;0.000;0.000;18.0;8
0.386;0.238;244.510;1.800;0.000;0.000;0.0;0
3.258;0.000;238.830;13.600;0.000;0.000;0.0;6
5.792;0.122;237.330;24.400;38.000;36.000;17.0;2
0.286;0.104;242.210;1.200;0.000;1.000;0.0;0
0.33;0.092;243.610;1.400;0.000;0.000;0.0;0
0.33;0.132;244.520;1.400;0.000;0.000;0.0;0
1.378;0.114;242.250;5.600;0.000;0.000;18.0;8
0.328;0.124;245.480;1.600;0.000;0.000;0.0;0
0.41;0.210;241.530;1.800;0.000;2.000;0.0;0
1.756;0.104;237.780;7.400;0.000;0.000;0.0;6
2.526;0.000;237.720;10.600;0.000;0.000;0.0;6
3.218;0.368;242.780;13.400;40.000;0.000;1.0;7
1.554;0.092;240.750;6.400;0.000;1.000;18.0;8
1.87;0.358;236.680;8.000;0.000;0.000;0.0;6
3.524;0.076;238.030;14.800;0.000;0.000;17.0;1
2.322;0.000;239.460;9.600;0.000;0.000;17.0;8
2.516;0.438;243.640;10.600;0.000;0.000;18.0;8
1.278;0.000;239.390;5.200;0.000;0.000;18.0;8
0.216;0.000;239.890;0.800;0.000;0.000;0.0;0
4.068;0.178;240.670;16.800;0.000;0.000;18.0;1
1.588;0.138;246.700;6.400;0.000;0.000;18.0;8
1.296;0.000;241.890;5.200;0.000;0.000;18.0;8
1.31;0.000;238.990;5.400;0.000;0.000;18.0;8
1.654;0.242;236.240;7.000;0.000;0.000;0.0;6
2.238;0.000;237.670;9.400;0.000;0.000;0.0;6
0.21;0.000;243.020;0.800;0.000;0.000;0.0;0
0.334;0.096;240.130;1.400;0.000;0.000;0.0;0
0.316;0.120;240.620;1.400;0.000;0.000;0.0;0
2.252;0.000;238.360;9.400;0.000;0.000;0.0;6
0.35;0.092;236.120;1.600;0.000;0.000;0.0;0
6.538;0.588;237.950;27.400;0.000;73.000;17.0;4
1.568;0.370;240.680;6.600;0.000;0.000;18.0;8
2.278;0.000;239.830;9.400;0.000;0.000;0.0;6
1.404;0.116;240.270;5.800;0.000;1.000;17.0;8
1.846;0.054;239.990;8.400;0.000;0.000;0.0;6
4.376;0.072;241.300;18.000;0.000;0.000;18.0;1
0.306;0.092;243.140;1.200;0.000;1.000;0.0;0
4.542;0.178;234.590;19.200;0.000;0.000;17.0;1
0.308;0.108;238.560;1.400;0.000;0.000;0.0;0
0.292;0.000;244.430;1.200;0.000;0.000;0.0;0
1.434;0.260;243.330;6.000;1.000;0.000;0.0;0
2.474;0.178;241.860;10.200;0.000;0.000;0.0;6
1.366;0.130;238.720;5.600;0.000;1.000;18.0;8
0.312;0.162;243.230;1.400;0.000;0.000;0.0;0
0.852;0.046;245.060;3.600;0.000;5.000;0.0;6
0.464;0.332;240.870;2.400;0.000;1.000;0.0;0
1.51;0.240;242.790;6.200;0.000;0.000;18.0;8
2.358;0.436;234.400;10.200;0.000;1.000;17.0;1
1.474;0.196;239.340;6.200;0.000;2.000;17.0;8
0.492;0.412;241.330;2.600;0.000;0.000;0.0;0
1.958;0.240;241.880;8.400;0.000;22.000;0.0;7
0.8;0.086;241.330;3.200;0.000;2.000;0.0;0
1.262;0.000;237.410;5.200;0.000;0.000;17.0;8
0.402;0.242;245.390;1.800;0.000;0.000;0.0;0
0.326;0.116;240.550;1.400;0.000;0.000;0.0;0
0.222;0.000;240.700;1.000;0.000;0.000;0.0;0
0.332;0.090;244.100;1.400;1.000;0.000;0.0;0
1.296;0.046;243.260;5.200;0.000;0.000;18.0;8
0.584;0.232;240.830;2.600;0.000;4.000;0.0;6
0.318;0.142;243.480;1.400;0.000;2.000;0.0;0
0.3;0.104;239.880;1.200;0.000;1.000;0.0;0
0.222;0.000;242.940;1.000;0.000;0.000;0.0;0
1.454;0.000;235.380;6.200;0.000;3.000;17.0;8
2.842;0.130;237.010;12.000;0.000;0.000;17.0;1
0.508;0.252;243.100;2.400;0.000;1.000;0.0;0
1.384;0.094;240.170;5.800;1.000;0.000;17.0;8
0.22;0.000;243.470;1.000;0.000;0.000;0.0;0
0.322;0.112;238.550;1.400;0.000;0.000;0.0;0
2.098;0.232;244.480;8.600;0.000;0.000;19.0;8
5.718;0.306;236.960;24.200;1.000;57.000;17.0;4
0.288;0.106;241.230;1.200;0.000;1.000;0.0;0
0.276;0.166;233.180;1.400;0.000;0.000;0.0;0
0.412;0.312;237.880;2.200;0.000;1.000;0.0;0
1.144;0.268;236.870;5.000;0.000;2.000;0.0;6
0.298;0.122;248.260;1.200;0.000;0.000;0.0;0
0.332;0.112;245.360;1.400;0.000;0.000;0.0;0
1.488;0.000;240.650;6.200;0.000;0.000;18.0;8
0.306;0.108;239.920;1.400;0.000;2.000;0.0;0
1.232;0.254;242.340;5.400;0.000;0.000;16.0;8
1.98;0.240;239.100;8.200;1.000;0.000;18.0;8
1.348;0.114;239.950;5.600;0.000;1.000;18.0;8
1.34;0.000;241.890;5.400;0.000;0.000;17.0;8
0.5;0.196;248.900;2.400;0.000;0.000;0.0;0
2.162;0.000;239.280;9.000;0.000;0.000;18.0;8
1.462;0.280;238.730;6.200;0.000;0.000;17.0;8
3.166;0.182;234.800;13.400;0.000;1.000;17.0;1
1.412;0.128;241.980;5.800;0.000;2.000;18.0;8
5.072;0.358;235.250;21.600;0.000;31.000;17.0;2
0.222;0.118;235.880;1.000;0.000;0.000;0.0;0
0.216;0.000;242.780;1.000;0.000;0.000;0.0;0
0.932;0.216;238.980;4.000;0.000;0.000;0.0;0
2.426;0.126;242.790;10.000;0.000;0.000;0.0;6
5.388;0.176;234.950;22.800;0.000;38.000;17.0;2
4.126;0.502;239.570;18.000;0.000;35.000;0.0;3
1.47;0.192;237.010;6.200;0.000;2.000;17.0;8
2.368;0.142;239.390;9.800;0.000;0.000;0.0;6
2.474;0.152;245.500;10.000;0.000;0.000;0.0;6
3.766;0.000;242.100;15.400;0.000;40.000;18.0;2
1.362;0.084;241.170;5.600;0.000;2.000;18.0;8
0.788;0.084;239.820;3.200;0.000;0.000;0.0;0
0.214;0.000;239.520;0.800;0.000;0.000;0.0;0
1.23;0.100;235.250;5.200;0.000;0.000;17.0;8
1.238;0.000;241.120;5.000;0.000;0.000;0.0;0
0.692;0.046;239.360;2.800;0.000;0.000;0.0;0
4.06;0.136;238.510;17.200;1.000;30.000;18.0;2
1.288;0.000;241.010;5.200;0.000;0.000;18.0;8
0.304;0.104;241.220;1.400;0.000;1.000;0.0;0
1.514;0.078;241.530;6.200;0.000;2.000;18.0;8
0.67;0.380;243.150;3.200;0.000;0.000;0.0;0
0.354;0.152;241.000;1.600;0.000;2.000;0.0;0
0.298;0.084;241.410;1.200;0.000;1.000;0.0;0
0.942;0.180;232.510;4.600;0.000;2.000;8.0;6
1.32;0.000;243.260;5.400;0.000;0.000;18.0;8
0.418;0.290;243.020;2.000;0.000;0.000;0.0;0
0.35;0.186;240.980;1.600;0.000;0.000;0.0;0
3.34;0.000;232.350;14.200;36.000;0.000;16.0;5
0.336;0.148;242.980;1.400;0.000;0.000;0.0;0
0.216;0.000;240.960;0.800;0.000;0.000;0.0;0
1.582;0.098;242.700;6.400;0.000;1.000;18.0;8
1.316;0.000;242.180;5.400;0.000;0.000;18.0;8
1.088;0.064;244.460;4.400;0.000;0.000;0.0;0
2.514;0.162;232.710;10.800;0.000;2.000;16.0;1
1.442;0.086;237.630;6.000;0.000;2.000;17.0;8
0.344;0.298;234.040;1.800;0.000;1.000;0.0;0
0.316;0.000;241.660;1.400;0.000;0.000;0.0;0
5.546;0.128;232.840;23.800;1.000;36.000;16.0;2
0.222;0.134;240.690;1.000;0.000;0.000;0.0;0
1.374;0.164;236.820;5.800;0.000;1.000;17.0;8
0.342;0.220;240.450;1.800;0.000;2.000;0.0;0
1.402;0.100;240.590;5.800;0.000;0.000;18.0;8
0.376;0.000;242.890;1.600;0.000;0.000;0.0;0
3.756;0.048;236.760;15.800;0.000;0.000;17.0;1
4.36;0.280;236.570;18.400;0.000;0.000;18.0;1
0.216;0.000;241.110;0.800;0.000;0.000;0.0;0
1.904;0.270;232.200;8.200;0.000;3.000;16.0;1
0.368;0.154;247.460;1.600;0.000;0.000;0.0;0
3.612;0.090;238.540;15.000;0.000;38.000;17.0;2
2.44;0.160;242.930;10.000;0.000;0.000;0.0;6
0.246;0.000;242.090;1.000;0.000;0.000;0.0;0
1.464;0.244;242.550;6.000;0.000;1.000;18.0;8
0.3;0.144;245.270;1.400;0.000;0.000;0.0;0
0.224;0.000;245.020;1.000;0.000;0.000;0.0;0
4.364;0.574;238.340;18.400;38.000;1.000;0.0;7
1.408;0.174;243.050;5.800;0.000;0.000;18.0;8
0.23;0.000;243.780;1.000;0.000;0.000;0.0;0
2.554;0.094;234.930;10.800;0.000;0.000;17.0;1
0.332;0.134;244.810;1.400;0.000;0.000;0.0;0
0.856;0.000;238.690;3.600;0.000;0.000;0.0;0
2.04;0.000;235.690;8.600;0.000;0.000;17.0;8
4.344;0.056;237.250;18.200;0.000;0.000;17.0;1
1.59;0.098;241.050;6.600;0.000;2.000;18.0;8
0.122;0.000;239.510;0.600;0.000;0.000;0.0;0
1.412;0.156;243.190;5.800;0.000;0.000;18.0;8
0.318;0.118;241.380;1.400;0.000;0.000;0.0;0
0.218;0.000;240.880;1.000;0.000;0.000;0.0;0
1.65;0.098;240.120;6.800;2.000;0.000;17.0;8
5.534;0.206;233.280;23.600;38.000;0.000;17.0;5
2.182;0.330;240.800;9.000;0.000;2.000;18.0;1
2.548;0.344;238.050;10.800;0.000;1.000;18.0;1
4.064;0.320;233.640;17.600;0.000;18.000;16.0;7
2.254;0.000;238.530;9.400;0.000;0.000;0.0;6
0.328;0.130;243.570;1.400;0.000;0.000;0.0;0
0.326;0.162;245.770;1.400;0.000;0.000;0.0;0
2.624;0.192;238.680;11.000;0.000;0.000;17.0;8
1.306;0.000;242.010;5.400;0.000;0.000;18.0;8
2.656;0.000;236.510;11.200;0.000;0.000;17.0;1
0.218;0.000;240.890;1.000;0.000;0.000;0.0;0
3.664;0.180;236.410;15.400;38.000;0.000;17.0;5
2.256;0.342;236.550;9.600;0.000;1.000;17.0;1
0.434;0.300;246.370;2.000;0.000;1.000;0.0;0
0.304;0.116;245.540;1.400;0.000;2.000;0.0;0
0.13;0.000;242.000;0.600;0.000;0.000;0.0;0
0.392;0.224;242.790;1.800;0.000;0.000;0.0;0
0.292;0.110;244.630;1.200;0.000;0.000;0.0;0
0.326;0.126;241.890;1.400;0.000;0.000;0.0;0
0.41;0.140;240.450;1.800;0.000;0.000;0.0;0
1.266;0.000;237.700;5.200;0.000;0.000;17.0;8
2.668;0.140;241.800;11.600;0.000;18.000;0.0;7
0.216;0.000;240.720;0.800;0.000;0.000;0.0;0
0.282;0.060;241.070;1.400;0.000;0.000;0.0;0
1.87;0.090;238.540;7.800;0.000;0.000;18.0;8
5.714;0.000;234.720;24.200;38.000;0.000;17.0;5
1.492;0.206;242.110;6.200;0.000;0.000;18.0;8
0.486;0.184;246.500;2.000;0.000;0.000;0.0;0
2.382;0.094;245.790;9.800;0.000;0.000;18.0;8
1.676;0.108;240.440;7.000;0.000;2.000;0.0;6
1.816;0.000;237.830;7.600;0.000;1.000;18.0;8
3.604;0.226;240.940;15.000;1.000;0.000;18.0;1
1.3;0.000;240.800;5.400;0.000;0.000;18.0;8
1.6;0.154;238.490;6.600;0.000;5.000;18.0;1
1.472;0.000;242.910;6.000;0.000;0.000;18.0;8
0.224;0.000;245.530;1.000;0.000;0.000;0.0;0
0.318;0.122;241.840;1.400;0.000;0.000;0.0;0
2.824;0.298;234.760;12.000;1.000;0.000;0.0;6
1.394;0.108;242.270;5.800;0.000;0.000;18.0;8
3.0;0.196;240.130;12.400;0.000;1.000;17.0;1
1.898;0.000;235.710;8.000;0.000;0.000;0.0;6
2.392;0.000;241.880;9.800;0.000;0.000;18.0;8
2.452;0.078;236.440;10.200;0.000;0.000;0.0;6
1.138;0.098;240.480;4.800;0.000;0.000;0.0;0
1.034;0.000;244.160;6.000;0.000;0.000;0.0;0
0.412;0.294;243.650;2.000;0.000;2.000;0.0;0
0.274;0.000;236.700;1.200;0.000;0.000;0.0;0
4.074;0.046;240.020;16.800;0.000;0.000;18.0;1
1.456;0.106;240.350;6.000;0.000;0.000;17.0;8
1.024;0.000;242.670;5.800;0.000;0.000;0.0;0
1.336;0.000;243.860;5.400;0.000;0.000;18.0;8
0.848;0.168;240.730;3.800;0.000;0.000;0.0;0
0.374;0.114;241.270;1.600;0.000;0.000;0.0;0
0.714;0.202;244.740;3.200;0.000;3.000;0.0;0
0.496;0.154;239.340;2.400;0.000;0.000;0.0;0
2.412;0.424;239.790;11.000;0.000;2.000;0.0;6
3.556;0.360;233.420;15.200;0.000;0.000;17.0;1
0.256;0.000;239.760;1.200;0.000;0.000;0.0;0
3.748;0.344;234.150;16.200;2.000;0.000;17.0;1
0.22;0.000;242.650;1.000;0.000;0.000;0.0;0
1.444;0.096;239.660;6.000;2.000;1.000;18.0;8
3.01;0.266;233.560;12.800;0.000;0.000;0.0;6
0.664;0.114;240.400;2.800;0.000;0.000;0.0;0
1.39;0.106;237.560;5.800;1.000;1.000;17.0;8
2.556;0.230;238.180;10.600;0.000;0.000;17.0;8
0.234;0.000;240.510;1.000;0.000;0.000;0.0;0
1.308;0.000;242.640;5.400;0.000;0.000;18.0;8
0.404;0.114;242.770;1.800;0.000;1.000;0.0;0
3.484;0.086;239.800;14.400;1.000;0.000;17.0;1
0.298;0.046;238.610;1.400;0.000;0.000;0.0;0
1.418;0.130;236.390;6.000;1.000;0.000;17.0;8
0.288;0.064;241.750;1.200;0.000;0.000;0.0;0
0.312;0.100;243.970;1.400;0.000;1.000;0.0;0
1.414;0.100;240.400;7.200;0.000;0.000;0.0;6
3.646;0.176;236.140;15.400;0.000;0.000;17.0;1
0.286;0.076;239.490;1.200;0.000;1.000;0.0;0
1.55;0.100;243.990;6.400;0.000;0.000;0.0;0
4.062;0.264;238.690;17.000;0.000;38.000;0.0;3
0.216;0.000;239.900;0.800;0.000;0.000;0.0;0
0.322;0.150;241.090;1.400;0.000;0.000;0.0;0
4.114;0.088;239.670;17.600;0.000;0.000;18.0;1
1.518;0.212;241.580;6.200;0.000;0.000;18.0;8
0.392;0.266;242.690;2.000;0.000;0.000;0.0;0
1.602;0.100;240.350;6.600;1.000;1.000;18.0;8
0.23;0.000;242.670;1.000;0.000;0.000;0.0;0
0.772;0.104;239.690;3.200;0.000;0.000;0.0;0
2.09;0.000;238.000;8.800;0.000;0.000;18.0;8
0.254;0.000;243.100;1.200;0.000;0.000;0.0;0
3.378;0.000;236.780;14.600;0.000;0.000;0.0;6
3.958;0.000;233.930;16.800;37.000;0.000;17.0;5
2.16;0.178;239.220;9.000;0.000;6.000;17.0;1
3.766;0.068;237.580;15.800;0.000;0.000;18.0;1
0.314;0.082;241.500;1.400;0.000;0.000;0.0;0
1.416;0.176;237.770;6.000;0.000;0.000;18.0;8
0.202;0.000;242.200;0.800;0.000;0.000;0.0;0
0.326;0.132;243.290;1.400;0.000;0.000;0.0;0
2.354;0.000;239.250;9.800;0.000;0.000;0.0;6
6.816;0.240;231.060;29.800;37.000;21.000;16.0;2
2.33;0.084;240.070;10.000;0.000;1.000;18.0;1
2.694;0.214;242.710;11.200;0.000;0.000;18.0;8
1.278;0.000;240.060;5.200;0.000;0.000;17.0;8
0.416;0.256;246.070;2.000;0.000;0.000;0.0;0
2.688;0.244;236.060;11.400;0.000;1.000;17.0;1
0.3;0.104;240.250;1.200;0.000;2.000;0.0;0
4.072;0.000;240.040;16.800;0.000;0.000;18.0;1
2.954;0.274;239.750;12.600;0.000;24.000;18.0;7
1.29;0.106;241.740;5.400;0.000;0.000;0.0;0
0.402;0.068;239.430;1.600;0.000;0.000;0.0;0
0.362;0.162;245.020;1.600;0.000;0.000;0.0;0
2.022;0.392;238.060;8.600;0.000;0.000;0.0;6
6.938;0.272;233.450;29.800;43.000;18.000;17.0;2
1.336;0.000;237.470;5.600;0.000;0.000;18.0;8
0.338;0.130;243.170;1.400;0.000;0.000;0.0;0
3.256;0.298;242.600;14.200;0.000;0.000;18.0;1
2.644;0.126;238.350;11.000;0.000;0.000;0.0;6
1.524;0.280;246.840;6.200;0.000;0.000;18.0;8
1.362;0.120;239.040;5.600;0.000;0.000;17.0;8
0.356;0.000;236.560;1.400;0.000;0.000;0.0;0
2.044;0.422;235.110;8.800;0.000;0.000;17.0;8
1.476;0.198;237.790;6.200;2.000;0.000;17.0;8
1.838;0.050;238.550;7.600;0.000;3.000;18.0;1
1.368;0.102;239.380;5.600;0.000;0.000;0.0;6
2.418;0.000;242.900;9.800;0.000;0.000;0.0;6
1.928;0.056;239.480;8.600;0.000;0.000;0.0;6
0.388;0.098;240.670;1.800;0.000;0.000;0.0;0
2.08;0.238;243.620;8.600;0.000;0.000;19.0;8
6.034;0.120;238.560;25.200;0.000;75.000;17.0;4
3.602;0.270;232.610;15.400;0.000;0.000;16.0;1
7.494;0.000;235.360;31.800;0.000;0.000;17.0;5
0.254;0.000;243.580;1.000;0.000;0.000;0.0;0
0.586;0.264;244.910;2.800;0.000;2.000;0.0;0
1.412;0.000;243.120;5.800;1.000;0.000;18.0;8
0.318;0.090;243.380;1.400;0.000;0.000;0.0;0
0.378;0.204;240.440;1.800;0.000;1.000;0.0;0
2.676;0.116;244.160;11.000;1.000;0.000;18.0;8
3.75;0.126;239.800;15.600;0.000;0.000;18.0;1
2.708;0.088;237.200;11.400;1.000;0.000;17.0;1
1.408;0.052;241.630;5.800;0.000;0.000;18.0;8
0.232;0.000;243.110;1.000;0.000;0.000;0.0;0
4.888;0.334;234.410;20.800;2.000;38.000;16.0;2
2.794;0.500;242.770;11.600;0.000;1.000;18.0;1
1.6;0.226;240.170;6.600;0.000;0.000;17.0;8
1.606;0.096;242.470;6.600;0.000;0.000;18.0;8
0.348;0.140;245.740;1.600;0.000;0.000;0.0;0
2.366;0.074;240.730;9.800;0.000;1.000;0.0;6
1.882;0.064;241.850;7.800;0.000;0.000;18.0;8
0.484;0.234;242.650;2.200;0.000;1.000;0.0;0
2.038;0.000;240.870;8.400;0.000;0.000;18.0;8
1.512;0.318;238.190;6.400;0.000;0.000;17.0;8
0.32;0.104;243.490;1.400;0.000;0.000;0.0;0
0.332;0.000;241.020;1.600;0.000;0.000;0.0;0
1.584;0.126;242.190;6.400;0.000;0.000;18.0;8
0.302;0.104;238.790;1.200;0.000;1.000;0.0;0
2.384;0.430;242.520;10.000;0.000;0.000;18.0;8
2.538;0.218;235.770;10.800;0.000;1.000;0.0;6
0.284;0.086;240.050;1.200;0.000;0.000;0.0;0
0.264;0.000;243.270;1.200;0.000;0.000;0.0;0
0.216;0.000;240.280;0.800;0.000;0.000;0.0;0
0.292;0.110;242.180;1.200;0.000;1.000;0.0;0
4.658;0.202;243.800;19.200;39.000;28.000;0.0;3
0.292;0.090;241.120;1.200;0.000;0.000;0.0;0
0.234;0.000;239.230;1.000;0.000;0.000;0.0;0
1.588;0.000;245.220;6.600;0.000;1.000;0.0;6
0.33;0.130;242.830;1.400;0.000;0.000;0.0;0
1.45;0.194;237.630;6.000;0.000;2.000;17.0;8
1.458;0.000;239.910;6.000;0.000;0.000;18.0;8
2.624;0.000;238.880;11.000;0.000;0.000;17.0;8
0.306;0.096;245.200;1.400;0.000;0.000;0.0;0
0.218;0.000;243.180;1.000;0.000;0.000;0.0;0
2.414;0.056;233.610;10.200;1.000;0.000;17.0;1
1.49;0.204;236.040;6.400;0.000;1.000;17.0;8
2.516;0.096;235.040;10.600;1.000;1.000;0.0;6
0.386;0.238;240.080;1.800;0.000;1.000;0.0;0
1.408;0.156;240.930;5.800;0.000;0.000;18.0;8
0.126;0.000;234.260;0.600;0.000;0.000;0.0;0
2.062;0.052;239.180;8.600;0.000;0.000;18.0;8
0.634;0.000;237.310;2.800;1.000;0.000;0.0;0
1.27;0.088;241.080;5.200;0.000;0.000;18.0;8
1.498;0.296;242.760;6.200;0.000;2.000;18.0;8
0.22;0.000;241.550;1.000;0.000;0.000;0.0;0
0.83;0.126;244.260;3.600;0.000;0.000;0.0;0
0.212;0.000;238.750;0.800;0.000;0.000;0.0;0
3.524;0.000;241.880;14.400;0.000;0.000;0.0;6
1.318;0.056;235.960;5.600;0.000;0.000;17.0;8
2.524;0.290;243.610;10.400;0.000;1.000;0.0;6
2.602;0.468;236.330;11.200;0.000;4.000;17.0;1
2.29;0.052;241.530;9.400;0.000;0.000;0.0;6
3.902;0.254;234.900;16.600;0.000;37.000;0.0;3
1.43;0.230;238.120;6.000;0.000;0.000;18.0;8
4.376;0.078;235.440;18.600;0.000;35.000;17.0;2
0.312;0.114;241.450;1.400;0.000;0.000;0.0;0
2.61;0.080;237.500;11.000;0.000;0.000;0.0;6
0.318;0.096;241.770;1.400;0.000;0.000;0.0;0
4.854;0.164;238.340;20.200;0.000;0.000;17.0;1
1.284;0.000;241.050;5.200;0.000;0.000;18.0;8
0.264;0.000;243.760;1.000;0.000;0.000;0.0;0
3.23;0.242;237.100;13.600;0.000;0.000;17.0;1
3.678;0.000;236.130;15.400;0.000;0.000;17.0;1
0.346;0.082;241.640;1.400;0.000;1.000;0.0;0
0.338;0.128;242.150;1.400;0.000;0.000;0.0;0
2.294;0.046;240.330;9.400;0.000;0.000;0.0;6
0.244;0.000;245.340;1.000;0.000;1.000;0.0;0
0.23;0.000;240.450;1.000;0.000;1.000;0.0;0
1.876;0.278;241.630;7.800;0.000;3.000;0.0;6
0.398;0.174;239.510;2.000;0.000;0.000;0.0;0
3.318;0.000;231.370;14.200;36.000;0.000;17.0;5
2.09;0.060;236.800;8.800;0.000;0.000;18.0;8
0.216;0.000;240.770;0.800;0.000;0.000;0.0;0
0.286;0.076;242.090;1.200;0.000;1.000;0.0;0
3.56;0.056;236.340;15.000;0.000;37.000;17.0;2
0.226;0.000;243.720;1.000;0.000;0.000;0.0;0
1.58;0.276;240.650;6.600;0.000;2.000;0.0;6
0.248;0.000;244.180;1.200;0.000;0.000;0.0;0
1.422;0.160;236.610;6.000;0.000;0.000;18.0;8
3.878;0.346;238.500;16.200;0.000;39.000;18.0;2
2.37;0.138;239.790;9.800;0.000;3.000;18.0;1
2.458;0.246;241.570;10.200;0.000;2.000;0.0;6
1.878;0.298;242.380;7.800;1.000;0.000;18.0;8
1.494;0.188;237.300;6.200;0.000;1.000;17.0;8
0.576;0.072;238.480;2.400;0.000;0.000;0.0;0
0.292;0.092;241.660;1.200;0.000;0.000;0.0;0
1.632;0.074;239.260;6.800;0.000;0.000;0.0;6
0.37;0.000;242.080;1.800;0.000;0.000;0.0;0
0.216;0.000;240.340;0.800;0.000;0.000;0.0;0
0.258;0.000;242.040;1.200;0.000;0.000;0.0;0
2.4;0.000;245.460;9.800;0.000;0.000;0.0;6
0.318;0.000;239.420;1.400;0.000;0.000;0.0;0
2.33;0.138;234.600;9.800;0.000;0.000;17.0;8
0.294;0.130;248.220;1.200;0.000;2.000;0.0;0
1.294;0.154;243.240;5.200;0.000;0.000;0.0;0
0.328;0.000;241.130;1.400;0.000;0.000;0.0;0
1.468;0.224;239.140;6.200;0.000;2.000;18.0;8
0.218;0.000;241.140;0.800;0.000;0.000;0.0;0
1.894;0.216;243.210;7.800;0.000;0.000;18.0;8
1.802;0.000;239.740;7.400;0.000;0.000;17.0;8
0.322;0.192;238.440;1.600;0.000;0.000;0.0;0
1.37;0.000;239.990;5.600;0.000;0.000;18.0;8
0.32;0.126;242.810;1.400;0.000;0.000;0.0;0
1.424;0.094;242.940;5.800;0.000;1.000;18.0;8
0.226;0.000;243.350;1.000;0.000;0.000;0.0;0
0.28;0.000;239.380;1.200;0.000;0.000;0.0;0
0.85;0.084;236.030;3.600;0.000;0.000;0.0;0
0.838;0.110;240.030;3.600;0.000;0.000;0.0;0
1.986;0.000;238.280;8.200;0.000;0.000;17.0;8
0.294;0.000;239.830;1.200;0.000;0.000;0.0;0
0.218;0.000;238.720;0.800;0.000;0.000;0.0;0
0.352;0.132;244.750;1.600;0.000;0.000;0.0;0
0.328;0.000;240.780;1.400;0.000;0.000;0.0;0
4.02;0.062;237.080;16.800;0.000;0.000;17.0;1
0.444;0.374;238.000;2.400;2.000;2.000;0.0;6
1.418;0.108;236.150;6.000;0.000;0.000;17.0;8
1.826;0.260;241.680;7.600;0.000;1.000;18.0;8
1.23;0.000;235.120;5.200;0.000;0.000;17.0;8
0.294;0.062;239.760;1.400;0.000;0.000;0.0;0
1.456;0.080;238.760;6.000;1.000;0.000;18.0;8
0.186;0.000;244.180;0.800;0.000;0.000;0.0;0
1.354;0.078;239.430;5.600;0.000;0.000;17.0;8
0.222;0.000;243.820;1.000;0.000;0.000;0.0;0
0.23;0.000;242.030;1.000;0.000;0.000;0.0;0
1.222;0.076;235.410;5.200;0.000;0.000;17.0;8
0.596;0.068;241.850;4.000;0.000;0.000;0.0;0
0.316;0.000;240.710;1.400;0.000;0.000;0.0;0
2.248;0.340;239.330;9.600;0.000;1.000;17.0;8
0.218;0.000;241.630;0.800;0.000;0.000;0.0;0
1.506;0.064;241.000;6.200;0.000;1.000;18.0;8
1.872;0.376;237.380;8.000;0.000;1.000;0.0;6
5.132;0.214;235.440;21.800;37.000;0.000;17.0;5
0.32;0.156;244.680;1.400;0.000;0.000;0.0;0
0.694;0.000;241.570;2.800;0.000;0.000;0.0;0
0.67;0.146;243.850;2.800;0.000;1.000;0.0;0
0.422;0.220;240.550;2.000;0.000;0.000;0.0;0
0.314;0.114;242.830;1.400;0.000;0.000;0.0;0
0.202;0.000;243.780;0.800;0.000;0.000;0.0;0
0.302;0.064;240.600;1.200;0.000;0.000;0.0;0
0.292;0.000;243.290;1.200;0.000;1.000;0.0;0
0.434;0.000;243.380;1.800;0.000;0.000;0.0;0
1.648;0.152;238.410;7.000;0.000;1.000;17.0;8
0.312;0.136;242.670;1.400;0.000;0.000;0.0;0
1.396;0.120;238.980;5.800;0.000;0.000;0.0;6
1.446;0.164;235.440;6.200;0.000;0.000;0.0;6
0.224;0.000;243.870;1.000;0.000;0.000;0.0;0
0.326;0.122;241.540;1.400;0.000;0.000;0.0;0
1.43;0.144;240.870;5.800;0.000;0.000;18.0;8
2.9;0.072;234.540;12.400;0.000;0.000;17.0;1
0.276;0.204;237.970;1.400;0.000;1.000;0.0;0
5.49;0.000;235.440;23.200;0.000;36.000;18.0;2
0.324;0.142;244.990;1.400;0.000;0.000;0.0;0
1.622;0.156;239.360;6.800;0.000;0.000;0.0;6
0.41;0.146;240.700;1.800;0.000;0.000;0.0;0
1.7;0.374;244.130;7.000;0.000;1.000;19.0;8
0.41;0.278;245.170;2.000;0.000;1.000;0.0;0
1.772;0.144;238.240;7.400;0.000;0.000;17.0;8
4.506;0.208;243.870;18.600;40.000;24.000;0.0;3
0.322;0.120;241.480;1.400;0.000;0.000;0.0;0
2.876;0.260;235.300;12.200;0.000;1.000;17.0;1
0.22;0.000;244.700;0.800;0.000;0.000;0.0;0
0.52;0.110;239.880;2.400;0.000;0.000;0.0;0
4.106;0.158;237.520;17.400;0.000;36.000;17.0;2
1.404;0.126;242.780;5.800;0.000;0.000;18.0;8
0.382;0.218;242.860;1.800;0.000;1.000;0.0;0
1.452;0.194;238.870;6.000;0.000;0.000;17.0;8
1.522;0.208;241.630;6.200;0.000;1.000;18.0;8
0.484;0.200;244.620;2.200;0.000;0.000;0.0;0
1.638;0.198;240.000;6.800;0.000;0.000;18.0;8
0.346;0.198;246.010;1.600;0.000;0.000;0.0;0
0.224;0.000;242.530;1.000;0.000;0.000;0.0;0
4.812;0.354;233.860;20.800;37.000;0.000;17.0;5
0.312;0.100;240.670;1.400;0.000;0.000;0.0;0
0.304;0.144;245.210;1.400;0.000;0.000;0.0;0
0.352;0.114;243.260;1.400;0.000;0.000;0.0;0
3.34;0.240;237.540;14.000;0.000;1.000;17.0;1
5.492;0.128;238.710;23.000;0.000;0.000;17.0;1
0.256;0.000;242.180;1.000;0.000;0.000;0.0;0
0.216;0.000;240.850;0.800;0.000;0.000;0.0;0
4.08;0.000;237.770;17.000;0.000;38.000;17.0;2
0.22;0.000;242.130;1.000;0.000;0.000;0.0;0
3.622;0.076;234.260;15.400;0.000;0.000;17.0;1
1.03;0.204;234.420;4.800;0.000;2.000;0.0;6
0.546;0.062;243.740;2.200;0.000;0.000;0.0;0
2.376;0.134;240.360;9.800;0.000;2.000;0.0;6
2.624;0.126;238.090;11.000;0.000;0.000;0.0;6
3.212;0.390;235.750;13.600;0.000;5.000;17.0;1
0.24;0.000;241.940;1.000;0.000;1.000;0.0;0
0.128;0.000;240.130;0.600;0.000;0.000;0.0;0
0.33;0.046;238.630;1.400;0.000;1.000;0.0;0
0.394;0.182;243.000;1.800;0.000;0.000;0.0;0
1.374;0.134;239.820;5.600;0.000;0.000;17.0;8
2.148;0.394;237.960;9.200;1.000;5.000;0.0;6
3.256;0.142;233.470;14.000;0.000;1.000;16.0;1
0.322;0.128;240.780;1.400;0.000;1.000;0.0;0
1.964;0.192;236.670;8.600;0.000;1.000;17.0;8
1.604;0.400;240.610;6.800;0.000;0.000;17.0;8
2.24;0.510;244.750;9.400;2.000;0.000;0.0;6
1.4;0.148;242.880;5.800;0.000;0.000;18.0;8
0.362;0.202;242.020;1.600;0.000;1.000;0.0;0
1.94;0.258;241.850;8.000;1.000;0.000;18.0;8
0.542;0.076;240.330;2.400;0.000;0.000;0.0;0
2.068;0.304;241.200;8.600;0.000;1.000;17.0;8
0.3;0.104;240.680;1.200;0.000;1.000;0.0;0
0.406;0.242;241.470;2.000;0.000;1.000;0.0;0
2.872;0.212;236.000;12.200;0.000;0.000;17.0;1
0.402;0.314;243.600;2.000;0.000;1.000;0.0;0
3.646;0.266;235.220;15.400;0.000;0.000;17.0;1
3.442;0.216;234.740;14.600;1.000;2.000;17.0;1
0.25;0.000;241.280;1.000;0.000;0.000;0.0;0
1.934;0.092;237.600;8.200;0.000;0.000;18.0;8
1.606;0.124;240.620;6.600;0.000;0.000;18.0;8
0.246;0.128;240.620;1.200;0.000;0.000;0.0;0
4.114;0.262;236.760;17.600;1.000;26.000;17.0;2
0.4;0.230;243.570;1.800;0.000;1.000;0.0;0
3.328;0.000;237.900;14.000;0.000;0.000;17.0;1
0.342;0.142;242.000;1.600;0.000;0.000;0.0;0
2.398;0.076;236.980;10.000;0.000;0.000;0.0;6
1.536;0.196;239.890;6.400;0.000;0.000;17.0;8
2.358;0.250;237.670;10.000;0.000;2.000;17.0;1
0.248;0.052;241.290;1.000;0.000;0.000;0.0;0
0.318;0.058;241.720;1.400;0.000;0.000;0.0;0
0.304;0.122;243.480;1.400;0.000;1.000;0.0;0
0.79;0.000;237.720;3.600;0.000;0.000;0.0;0
1.424;0.240;239.280;6.000;0.000;0.000;18.0;8
0.58;0.296;246.150;2.600;0.000;1.000;0.0;0
1.43;0.100;241.250;5.800;0.000;0.000;18.0;8
1.458;0.212;240.530;6.000;0.000;0.000;18.0;8
0.226;0.000;245.370;1.000;0.000;0.000;0.0;0
0.38;0.202;240.170;1.800;0.000;1.000;0.0;0
2.396;0.000;237.460;10.000;0.000;0.000;0.0;6
2.308;0.054;242.210;9.400;0.000;0.000;0.0;6
3.406;0.092;239.060;14.200;0.000;2.000;18.0;1
1.414;0.176;243.410;5.800;0.000;1.000;18.0;8
0.322;0.144;243.760;1.600;0.000;0.000;0.0;0
0.226;0.000;242.890;1.000;0.000;0.000;0.0;0
1.358;0.100;238.820;5.600;0.000;0.000;18.0;8
3.358;0.130;238.310;14.200;6.000;0.000;17.0;1
1.418;0.000;240.930;5.800;0.000;0.000;18.0;8
3.366;0.484;235.620;14.600;1.000;33.000;0.0;3
1.556;0.290;233.170;6.800;0.000;2.000;17.0;8
3.634;0.198;239.670;15.200;0.000;0.000;18.0;1
1.922;0.102;244.440;7.800;0.000;0.000;19.0;8
0.39;0.000;244.680;1.800;0.000;0.000;0.0;0
0.224;0.000;246.980;1.000;0.000;0.000;0.0;0
1.19;0.280;237.500;5.200;0.000;0.000;0.0;6
0.356;0.078;242.290;1.600;0.000;0.000;0.0;0
1.814;0.000;237.600;7.600;0.000;0.000;17.0;8
0.334;0.116;240.810;1.400;0.000;0.000;0.0;0
3.506;0.000;236.690;14.800;0.000;37.000;17.0;2
1.536;0.120;245.240;7.600;0.000;0.000;0.0;6
0.158;0.000;242.360;0.800;0.000;0.000;0.0;0
0.34;0.114;241.940;1.400;0.000;1.000;0.0;0
3.25;0.266;234.950;13.800;0.000;1.000;17.0;1
3.758;0.062;239.760;15.600;0.000;0.000;0.0;6
0.25;0.000;242.920;1.000;0.000;0.000;0.0;0
1.682;0.000;238.050;7.000;0.000;0.000;17.0;8
1.356;0.066;239.630;5.600;0.000;0.000;18.0;8
0.328;0.086;245.680;1.600;0.000;0.000;0.0;0
0.948;0.134;241.710;4.000;0.000;0.000;0.0;0
2.424;0.000;248.270;9.600;0.000;0.000;0.0;6
0.322;0.098;241.490;1.400;0.000;0.000;0.0;0
1.744;0.394;237.070;8.000;0.000;0.000;0.0;6
1.348;0.090;239.360;5.600;0.000;2.000;18.0;8
0.218;0.000;241.740;0.800;0.000;0.000;0.0;0
0.362;0.158;244.100;1.600;0.000;0.000;0.0;0
0.28;0.066;242.380;1.200;0.000;0.000;0.0;0
2.332;0.000;243.140;9.600;0.000;0.000;0.0;6
0.3;0.104;244.820;1.200;0.000;0.000;0.0;0
3.334;0.418;236.900;14.800;12.000;1.000;17.0;1
4.762;0.088;237.440;20.000;0.000;38.000;0.0;3
0.288;0.068;243.870;1.200;0.000;0.000;0.0;0
1.558;0.208;239.910;6.600;0.000;0.000;18.0;8
0.224;0.000;241.650;1.000;0.000;0.000;0.0;0
0.228;0.000;242.790;1.000;0.000;0.000;0.0;0
1.232;0.228;243.710;5.200;0.000;0.000;0.0;0
0.218;0.000;241.770;0.800;0.000;0.000;0.0;0
2.524;0.150;239.170;10.400;0.000;0.000;18.0;8
5.686;0.292;236.670;24.000;38.000;0.000;17.0;5
0.616;0.110;248.350;2.400;0.000;0.000;0.0;0
0.322;0.116;240.330;1.400;0.000;0.000;0.0;0
3.392;0.000;233.930;14.400;0.000;0.000;17.0;1
0.878;0.000;243.910;3.600;0.000;1.000;0.0;0
0.514;0.298;245.960;2.400;0.000;0.000;0.0;0
0.216;0.000;240.660;0.800;0.000;0.000;0.0;0
2.554;0.240;238.020;11.600;13.000;1.000;17.0;1
4.962;0.204;238.690;22.400;0.000;1.000;18.0;1
0.226;0.000;241.080;1.000;0.000;1.000;0.0;0
0.218;0.000;245.170;1.000;0.000;0.000;0.0;0
0.214;0.000;239.110;0.800;0.000;0.000;0.0;0
1.432;0.200;239.100;6.000;0.000;1.000;17.0;8
1.65;0.228;240.490;7.000;0.000;23.000;0.0;7
1.32;0.000;244.270;5.400;0.000;0.000;18.0;8
0.264;0.000;242.920;1.200;0.000;0.000;0.0;0
0.292;0.098;242.200;1.200;0.000;0.000;0.0;0
0.314;0.120;241.160;1.400;0.000;0.000;0.0;0
0.31;0.104;239.040;1.400;0.000;0.000;0.0;0
1.428;0.198;240.160;6.000;0.000;1.000;17.0;8
0.36;0.074;242.580;1.800;0.000;0.000;0.0;0
0.656;0.000;238.960;2.800;0.000;0.000;0.0;0
4.756;0.248;231.540;20.800;0.000;15.000;17.0;7
0.248;0.000;243.190;1.000;0.000;0.000;0.0;0
1.556;0.260;244.050;6.400;0.000;2.000;19.0;8
1.332;0.000;245.010;5.400;0.000;0.000;18.0;8
2.048;0.194;240.480;8.600;0.000;0.000;18.0;8
1.782;0.000;237.320;7.600;0.000;0.000;17.0;8
1.292;0.000;240.490;5.200;0.000;0.000;18.0;8
0.234;0.108;243.140;1.000;0.000;0.000;0.0;0
0.332;0.160;247.030;1.400;0.000;0.000;0.0;0
3.554;0.248;235.320;15.000;37.000;1.000;0.0;7
0.648;0.100;240.720;2.600;0.000;1.000;0.0;0
2.452;0.080;240.550;10.200;0.000;0.000;0.0;6
2.466;0.068;238.960;10.200;0.000;0.000;0.0;6
0.22;0.000;242.800;0.800;0.000;0.000;0.0;0
0.606;0.230;240.230;3.000;0.000;0.000;0.0;0
0.332;0.080;239.080;1.600;0.000;0.000;0.0;0
1.338;0.052;239.570;5.600;0.000;0.000;17.0;8
0.31;0.114;238.320;1.400;0.000;0.000;0.0;0
1.28;0.000;239.930;5.200;0.000;0.000;18.0;8
0.23;0.000;241.960;1.000;0.000;0.000;0.0;0
0.414;0.000;239.700;2.400;0.000;0.000;5.0;6
0.362;0.160;240.460;1.600;0.000;0.000;0.0;0
0.312;0.096;243.390;1.400;0.000;0.000;0.0;0
2.332;0.060;239.110;9.600;0.000;0.000;0.0;6
1.41;0.072;239.470;5.800;0.000;0.000;18.0;8
0.244;0.000;245.510;1.000;0.000;0.000;0.0;0
0.252;0.000;237.680;1.200;0.000;0.000;0.0;0
1.424;0.218;237.630;6.000;0.000;2.000;17.0;8
0.216;0.000;243.390;1.000;0.000;0.000;0.0;0
1.344;0.202;239.070;5.600;0.000;0.000;17.0;8
2.294;0.000;239.820;9.400;0.000;0.000;0.0;6
2.428;0.148;240.890;10.200;0.000;34.000;0.0;3
2.486;0.000;242.130;10.200;0.000;0.000;18.0;8
0.316;0.112;244.950;1.400;0.000;0.000;0.0;0
1.374;0.112;238.390;5.800;0.000;0.000;17.0;8
2.812;0.000;235.610;12.000;0.000;0.000;0.0;6
2.69;0.188;236.300;11.400;0.000;0.000;0.0;6
1.566;0.074;239.530;6.400;0.000;0.000;17.0;8
3.512;0.000;236.650;14.800;0.000;36.000;17.0;2
3.052;0.354;237.540;13.400;1.000;0.000;17.0;1
1.64;0.104;242.580;6.800;1.000;0.000;18.0;8
2.622;0.136;237.700;11.000;0.000;0.000;18.0;1
1.808;0.352;237.300;7.800;0.000;0.000;17.0;8
2.386;0.000;236.940;10.000;0.000;0.000;0.0;6
2.76;0.054;234.070;11.800;0.000;2.000;16.0;1
2.516;0.202;240.720;10.400;0.000;0.000;0.0;6
1.696;0.096;239.400;7.000;0.000;0.000;17.0;8
0.904;0.000;246.670;3.600;0.000;0.000;0.0;0
0.228;0.000;244.840;1.000;0.000;0.000;0.0;0
0.326;0.128;238.450;1.400;0.000;0.000;0.0;0
3.862;0.198;240.140;16.200;0.000;0.000;17.0;1
0.326;0.136;244.360;1.400;0.000;0.000;0.0;0
0.292;0.062;240.840;1.200;0.000;0.000;0.0;0
1.44;0.200;238.700;6.000;0.000;0.000;18.0;8
2.988;0.218;241.000;12.400;0.000;1.000;18.0;1
0.168;0.000;241.050;0.800;0.000;0.000;0.0;0
1.372;0.220;237.890;5.800;0.000;1.000;17.0;8
0.106;0.000;234.420;0.600;0.000;0.000;0.0;0
0.234;0.000;241.530;1.000;0.000;0.000;0.0;0
1.92;0.222;241.420;8.000;0.000;0.000;18.0;8
2.448;0.080;241.690;10.000;0.000;0.000;0.0;6
0.296;0.126;244.250;1.200;0.000;1.000;0.0;0
0.316;0.114;238.830;1.400;0.000;0.000;0.0;0
0.3;0.090;242.280;1.200;0.000;0.000;0.0;0
5.014;0.086;233.050;21.400;37.000;2.000;17.0;5
3.62;0.274;234.790;15.400;0.000;0.000;17.0;1
1.562;0.096;239.060;6.400;0.000;0.000;18.0;8
3.274;0.258;236.880;13.800;0.000;1.000;17.0;1
1.226;0.280;241.660;5.200;0.000;0.000;0.0;0
1.584;0.290;237.570;6.800;1.000;2.000;18.0;8
0.316;0.148;244.530;1.400;0.000;0.000;0.0;0
3.274;0.048;237.200;13.800;0.000;0.000;17.0;1
0.86;0.000;242.940;3.600;0.000;0.000;0.0;0
3.304;0.280;238.850;13.800;0.000;2.000;17.0;1
4.51;0.084;232.290;19.600;1.000;0.000;16.0;1
2.684;0.316;236.690;12.000;0.000;0.000;0.0;6
0.318;0.082;241.490;1.400;0.000;0.000;0.0;0
3.056;0.158;241.640;12.600;0.000;0.000;0.0;6
1.144;0.154;241.630;4.800;0.000;0.000;0.0;0
3.516;0.428;233.580;15.400;33.000;0.000;16.0;5
0.698;0.000;241.880;2.800;0.000;0.000;0.0;0
2.02;0.056;237.990;8.400;1.000;0.000;17.0;8
0.214;0.000;239.610;0.800;0.000;0.000;0.0;0
4.846;0.284;233.640;20.800;2.000;37.000;16.0;2
1.672;0.188;240.530;7.000;0.000;2.000;17.0;8
1.536;0.000;241.090;6.600;0.000;21.000;0.0;7
1.392;0.108;238.080;5.800;1.000;1.000;18.0;8
0.39;0.104;236.720;1.600;0.000;0.000;0.0;0
0.24;0.000;242.960;1.200;0.000;0.000;0.0;0
0.26;0.080;246.460;1.200;0.000;0.000;0.0;0
1.58;0.230;241.100;6.600;2.000;1.000;18.0;8
0.336;0.118;242.080;1.400;0.000;0.000;0.0;0
2.75;0.348;236.330;12.200;0.000;2.000;0.0;6
0.602;0.388;240.780;3.000;0.000;1.000;0.0;0
2.478;0.068;239.480;10.200;1.000;0.000;17.0;8
1.308;0.000;244.140;5.200;0.000;0.000;19.0;8
1.3;0.000;238.810;5.400;0.000;0.000;17.0;8
2.578;0.324;237.860;10.800;0.000;1.000;0.0;6
2.262;0.122;242.660;10.200;0.000;2.000;18.0;1
0.308;0.098;244.690;1.200;0.000;1.000;0.0;0
0.238;0.000;244.300;1.000;0.000;0.000;0.0;0
3.5;0.056;238.420;15.400;0.000;0.000;17.0;1
0.418;0.300;242.090;2.000;0.000;1.000;0.0;0
0.22;0.000;239.450;1.000;0.000;0.000;0.0;0
1.308;0.000;243.010;5.400;0.000;0.000;18.0;8
1.556;0.144;244.290;6.400;0.000;1.000;19.0;8
0.298;0.134;244.140;1.400;0.000;1.000;0.0;0
1.018;0.000;238.100;4.200;0.000;0.000;0.0;0
0.23;0.084;234.970;1.000;0.000;0.000;0.0;0
0.34;0.128;243.800;1.400;0.000;1.000;0.0;0
1.474;0.138;240.330;6.200;0.000;0.000;18.0;8
2.454;0.114;242.300;10.000;0.000;0.000;0.0;6
1.976;0.102;235.610;8.400;0.000;2.000;0.0;6
1.572;0.222;240.530;6.600;0.000;0.000;0.0;6
0.296;0.096;245.390;1.200;0.000;0.000;0.0;0
0.288;0.100;243.360;1.200;0.000;0.000;0.0;0
0.484;0.000;241.180;2.200;0.000;0.000;0.0;0
0.166;0.000;238.600;1.000;0.000;0.000;0.0;0
1.572;0.246;238.280;6.600;1.000;1.000;17.0;8
2.434;0.160;242.710;10.000;0.000;0.000;0.0;6
0.116;0.000;241.500;0.600;0.000;0.000;0.0;0
1.406;0.116;245.220;5.600;0.000;2.000;18.0;8
1.81;0.000;242.130;7.400;0.000;0.000;17.0;8
7.16;0.000;235.490;30.400;1.000;73.000;18.0;4
2.37;0.000;236.050;10.000;0.000;0.000;0.0;6
1.572;0.074;238.890;6.600;0.000;0.000;17.0;8
2.444;0.312;240.110;10.600;0.000;17.000;0.0;7
1.372;0.100;240.760;5.600;0.000;2.000;18.0;8
0.212;0.000;242.520;1.000;0.000;0.000;0.0;0
0.242;0.000;243.480;1.000;0.000;0.000;0.0;0
1.592;0.128;243.480;6.600;0.000;1.000;18.0;8
1.51;0.130;243.730;6.200;2.000;0.000;18.0;8
0.22;0.000;242.420;1.000;0.000;0.000;0.0;0
0.252;0.000;247.840;1.000;0.000;0.000;0.0;0
3.572;0.336;238.330;15.400;35.000;0.000;18.0;5
1.342;0.000;238.540;5.600;0.000;0.000;0.0;6
0.426;0.268;242.070;2.000;0.000;2.000;0.0;0
2.288;0.000;239.530;9.400;0.000;0.000;18.0;8
1.654;0.170;244.600;6.800;0.000;0.000;18.0;8
5.074;0.168;233.300;21.600;37.000;0.000;17.0;5
0.736;0.148;240.710;3.000;0.000;1.000;0.0;0
0.392;0.254;241.180;1.800;0.000;0.000;0.0;0
0.414;0.302;246.210;2.000;0.000;0.000;0.0;0
0.444;0.084;243.150;2.000;0.000;0.000;0.0;0
0.282;0.218;242.360;1.400;0.000;2.000;0.0;0
0.37;0.082;241.200;1.600;0.000;1.000;0.0;0
2.46;0.116;241.030;10.200;0.000;0.000;17.0;8
0.288;0.090;240.220;1.200;0.000;0.000;0.0;0
0.24;0.000;241.720;1.000;0.000;0.000;0.0;0
2.348;0.052;238.270;9.800;0.000;1.000;0.0;6
1.356;0.086;239.640;5.600;0.000;1.000;17.0;8
2.49;0.122;242.920;10.200;0.000;1.000;0.0;6
0.224;0.000;243.570;1.000;0.000;0.000;0.0;0
0.41;0.228;240.010;2.000;0.000;1.000;0.0;0
0.218;0.000;241.720;0.800;0.000;0.000;0.0;0
0.212;0.000;238.210;0.800;0.000;0.000;0.0;0
0.308;0.140;243.060;1.400;0.000;0.000;0.0;0
3.332;0.000;238.120;14.200;3.000;0.000;17.0;1
1.552;0.112;242.870;6.400;0.000;0.000;18.0;8
1.628;0.060;232.670;7.000;0.000;1.000;16.0;8
0.294;0.096;243.100;1.200;0.000;0.000;0.0;0
2.754;0.062;237.290;11.600;0.000;0.000;17.0;1
2.566;0.000;235.300;10.800;0.000;1.000;17.0;1
0.308;0.156;241.840;1.400;0.000;0.000;0.0;0
0.226;0.000;243.110;1.000;0.000;0.000;0.0;0
1.642;0.000;244.300;6.600;0.000;0.000;19.0;8
1.688;0.212;240.080;7.200;0.000;0.000;0.0;6
0.218;0.000;241.200;1.000;0.000;0.000;0.0;0
2.42;0.424;236.860;10.200;0.000;1.000;17.0;1
1.186;0.182;242.850;5.000;0.000;0.000;0.0;0
2.438;0.070;241.800;10.000;0.000;2.000;0.0;6
0.388;0.224;241.010;1.800;0.000;0.000;0.0;0
1.682;0.110;241.170;7.000;0.000;1.000;0.0;6
0.306;0.102;242.170;1.400;0.000;1.000;0.0;0
1.946;0.066;238.990;8.200;0.000;0.000;18.0;8
0.762;0.228;241.700;3.200;0.000;1.000;0.0;0
0.318;0.136;244.100;1.400;0.000;0.000;0.0;0
0.304;0.000;242.970;1.400;0.000;0.000;0.0;0
0.388;0.170;239.380;1.800;0.000;1.000;0.0;0
0.426;0.244;241.030;2.000;0.000;2.000;0.0;0
0.3;0.104;244.770;1.200;0.000;0.000;0.0;0
1.372;0.088;239.980;5.600;0.000;2.000;18.0;8
2.388;0.094;240.490;9.800;0.000;1.000;0.0;6
1.338;0.000;240.330;5.600;1.000;0.000;18.0;8
0.43;0.258;243.650;2.000;0.000;1.000;0.0;0
0.726;0.000;241.730;3.000;0.000;0.000;0.0;0
0.334;0.116;241.210;1.600;0.000;0.000;0.0;0
5.068;0.060;243.490;20.800;0.000;0.000;18.0;1
2.362;0.196;237.220;10.000;0.000;2.000;17.0;1
0.336;0.132;241.770;1.600;0.000;1.000;0.0;0
0.226;0.000;240.780;1.000;0.000;0.000;0.0;0
1.498;0.056;237.950;6.400;1.000;0.000;17.0;8
0.27;0.000;238.960;1.200;0.000;0.000;0.0;0
1.402;0.090;240.210;5.800;0.000;0.000;18.0;8
0.314;0.146;246.180;1.400;0.000;0.000;0.0;0
0.562;0.000;249.470;2.200;0.000;0.000;0.0;0
1.674;0.108;233.480;7.200;0.000;0.000;0.0;6
1.616;0.000;241.340;6.600;0.000;0.000;18.0;8
0.496;0.108;240.140;2.200;0.000;0.000;0.0;0
1.98;0.000;237.300;8.200;0.000;0.000;17.0;8
1.748;0.000;240.860;7.200;1.000;5.000;18.0;1
2.48;0.078;240.490;10.200;0.000;0.000;0.0;6
0.268;0.000;244.630;1.200;0.000;0.000;0.0;0
4.288;0.336;241.510;17.800;4.000;0.000;17.0;1
3.296;0.446;234.440;14.200;1.000;1.000;17.0;1
3.946;0.090;236.690;16.600;0.000;0.000;17.0;1
0.676;0.198;243.610;2.800;0.000;1.000;0.0;0
0.316;0.124;239.690;1.400;0.000;2.000;0.0;0
3.368;0.000;236.820;14.200;0.000;0.000;17.0;1
2.512;0.000;243.800;10.200;0.000;0.000;0.0;6
0.436;0.256;240.070;2.000;0.000;1.000;0.0;0
5.114;0.000;236.410;21.600;0.000;35.000;17.0;2
3.492;0.000;238.320;14.600;0.000;0.000;0.0;6
1.76;0.078;241.450;7.200;0.000;1.000;18.0;8
0.45;0.266;242.710;2.200;0.000;1.000;0.0;0
1.582;0.122;243.030;6.600;0.000;0.000;18.0;8
1.386;0.114;243.440;5.600;0.000;2.000;0.0;6
0.962;0.148;242.470;4.000;1.000;0.000;0.0;0
0.126;0.000;237.520;0.600;0.000;0.000;0.0;0
2.536;0.086;240.580;10.600;0.000;0.000;17.0;8
0.298;0.106;241.310;1.200;0.000;1.000;0.0;0
1.476;0.196;238.250;6.200;0.000;1.000;17.0;8
1.372;0.072;240.390;5.600;0.000;0.000;18.0;8
1.084;0.104;238.500;4.600;0.000;0.000;0.0;0
0.41;0.208;240.980;1.800;0.000;2.000;0.0;0
0.238;0.000;242.540;1.000;0.000;0.000;0.0;0
2.464;0.070;236.000;10.600;0.000;0.000;4.0;6
0.968;0.092;242.210;4.000;0.000;0.000;0.0;0
0.38;0.252;244.410;1.800;0.000;1.000;0.0;0
0.434;0.248;241.500;2.000;0.000;1.000;0.0;0
0.222;0.000;244.060;1.000;0.000;0.000;0.0;0
1.334;0.000;237.850;5.600;0.000;0.000;17.0;8
1.378;0.104;240.020;5.600;0.000;0.000;18.0;8
0.296;0.088;244.950;1.200;0.000;0.000;0.0;0
0.348;0.124;241.360;1.600;0.000;2.000;0.0;0
0.218;0.000;242.030;1.000;0.000;0.000;0.0;0
3.794;0.110;236.850;16.000;0.000;2.000;17.0;1
0.212;0.000;238.100;0.800;0.000;0.000;0.0;0
0.556;0.186;241.610;2.600;0.000;0.000;0.0;0
2.93;0.064;235.550;12.400;0.000;0.000;17.0;1
0.472;0.334;240.140;2.400;0.000;1.000;0.0;0
0.394;0.236;239.800;1.800;0.000;1.000;0.0;0
0.286;0.000;244.160;1.200;0.000;0.000;0.0;0
0.218;0.000;244.880;1.000;0.000;0.000;0.0;0
0.226;0.000;245.990;1.000;0.000;0.000;0.0;0
1.58;0.074;241.340;6.600;0.000;1.000;18.0;8
3.672;0.122;240.630;15.200;1.000;0.000;18.0;1
2.876;0.202;234.280;12.200;0.000;1.000;17.0;1
0.286;0.084;245.340;1.200;0.000;0.000;0.0;0
1.242;0.000;242.530;5.000;0.000;0.000;0.0;0
0.448;0.080;232.310;2.400;0.000;0.000;0.0;0
3.998;0.326;236.120;17.000;38.000;1.000;17.0;5
2.284;0.000;240.160;9.400;0.000;0.000;0.0;6
0.426;0.318;246.580;2.200;0.000;0.000;0.0;0
2.55;0.000;235.120;10.800;0.000;0.000;17.0;1
1.754;0.056;239.740;7.200;0.000;0.000;17.0;8
0.286;0.104;240.320;1.200;0.000;1.000;0.0;0
0.222;0.000;244.330;1.000;0.000;0.000;0.0;0
0.908;0.088;236.350;4.600;0.000;0.000;0.0;6
3.166;0.334;232.560;13.600;0.000;2.000;17.0;1
2.346;0.000;238.250;9.800;0.000;0.000;17.0;8
2.762;0.224;237.180;11.600;0.000;1.000;18.0;1
1.57;0.104;239.890;6.600;0.000;1.000;18.0;8
0.316;0.094;242.640;1.400;0.000;0.000;0.0;0
3.4;0.050;240.210;14.000;0.000;0.000;0.0;6
1.282;0.000;238.970;5.200;0.000;0.000;18.0;8
3.156;0.126;241.890;13.000;1.000;0.000;18.0;1
1.35;0.156;239.660;5.600;1.000;17.000;0.0;7
2.336;0.064;239.230;9.600;0.000;0.000;0.0;6
1.392;0.104;241.130;5.800;0.000;0.000;18.0;8
1.558;0.232;238.910;6.600;0.000;0.000;17.0;8
2.736;0.000;237.600;11.400;0.000;0.000;17.0;1
1.512;0.090;237.920;6.200;0.000;0.000;17.0;8
0.394;0.236;239.880;1.800;0.000;2.000;0.0;0
1.29;0.116;240.900;5.200;0.000;0.000;18.0;8
0.39;0.104;238.290;1.600;0.000;0.000;0.0;0
1.3;0.000;241.420;5.400;0.000;0.000;17.0;8
0.226;0.000;246.170;1.000;0.000;0.000;0.0;0
2.752;0.194;237.640;11.600;0.000;0.000;17.0;1
2.998;0.166;236.580;13.400;22.000;0.000;18.0;1
1.946;0.236;241.470;8.000;0.000;5.000;18.0;1
0.692;0.344;245.390;3.200;2.000;4.000;0.0;6
2.59;0.138;238.460;10.800;0.000;1.000;18.0;1
0.994;0.000;238.930;4.200;0.000;0.000;0.0;0
3.124;0.000;235.480;13.200;0.000;0.000;17.0;1
2.008;0.000;236.850;8.400;1.000;0.000;17.0;8
0.234;0.000;239.200;1.000;0.000;0.000;0.0;0
3.788;0.000;236.620;16.000;38.000;1.000;17.0;5
3.822;0.000;234.640;16.200;37.000;0.000;17.0;5
6.566;0.536;236.240;28.000;0.000;37.000;17.0;2
1.35;0.000;240.500;5.600;0.000;0.000;18.0;8
1.812;0.090;244.010;7.400;0.000;0.000;0.0;6
3.454;0.588;234.020;15.200;0.000;25.000;17.0;2
2.228;0.196;240.560;9.200;0.000;0.000;18.0;8
1.868;0.192;237.990;8.000;0.000;0.000;0.0;6
2.582;0.194;234.480;11.000;0.000;1.000;17.0;1
0.218;0.000;243.640;0.800;0.000;0.000;0.0;0
1.31;0.000;241.020;5.400;0.000;0.000;18.0;8
1.948;0.000;242.830;8.000;0.000;0.000;18.0;8
2.586;0.148;240.560;10.800;0.000;0.000;18.0;8
0.602;0.000;242.440;2.400;0.000;0.000;0.0;0
1.43;0.094;238.550;6.000;0.000;1.000;18.0;8
5.356;0.068;235.370;23.800;0.000;0.000;17.0;1
2.448;0.254;241.420;10.200;0.000;1.000;18.0;1
0.222;0.000;243.100;1.000;0.000;0.000;0.0;0
0.214;0.000;243.060;0.800;0.000;0.000;0.0;0
0.308;0.112;244.730;1.400;0.000;1.000;0.0;0
0.224;0.000;239.980;1.000;0.000;0.000;0.0;0
0.41;0.242;243.970;1.800;0.000;0.000;0.0;0
1.782;0.000;238.800;7.400;0.000;0.000;18.0;8
0.304;0.092;241.840;1.200;0.000;0.000;0.0;0
2.6;0.228;241.250;10.800;0.000;2.000;0.0;6
2.476;0.048;240.960;10.200;0.000;0.000;0.0;6
1.962;0.240;239.610;8.200;0.000;0.000;0.0;6
1.352;0.000;240.130;5.600;0.000;0.000;17.0;8
0.456;0.280;245.210;2.200;0.000;0.000;0.0;0
1.474;0.176;242.050;6.200;0.000;0.000;0.0;0
0.482;0.244;241.870;2.200;0.000;2.000;0.0;0
2.622;0.160;238.490;11.600;0.000;0.000;18.0;1
1.414;0.100;241.440;5.800;0.000;1.000;18.0;8
1.154;0.230;239.370;6.400;0.000;0.000;0.0;6
1.486;0.046;245.540;6.000;0.000;0.000;18.0;8
0.314;0.120;244.890;1.400;0.000;2.000;0.0;0
1.278;0.000;239.970;5.200;0.000;0.000;18.0;8
1.382;0.090;244.780;5.600;0.000;0.000;18.0;8
1.402;0.106;241.800;5.800;0.000;0.000;18.0;8
1.328;0.000;244.270;5.400;0.000;0.000;18.0;8
3.402;0.104;237.360;14.200;0.000;0.000;17.0;1
1.52;0.128;242.760;7.600;0.000;1.000;0.0;6
0.202;0.088;233.960;1.000;0.000;0.000;0.0;0
3.168;0.062;237.740;13.400;0.000;0.000;17.0;1
0.382;0.230;241.600;1.800;0.000;0.000;0.0;0
0.374;0.252;243.490;1.800;0.000;2.000;0.0;0
0.22;0.000;246.420;1.000;0.000;0.000;0.0;0
2.28;0.000;239.980;9.400;0.000;0.000;0.0;6
1.298;0.000;240.790;5.400;0.000;0.000;18.0;8
2.524;0.228;241.260;10.400;0.000;0.000;18.0;8
0.994;0.054;241.440;4.200;0.000;2.000;0.0;6
4.522;0.474;235.590;19.400;4.000;32.000;0.0;3
0.204;0.094;235.740;1.000;0.000;0.000;0.0;0
2.298;0.254;239.860;9.600;0.000;1.000;0.0;6
1.662;0.000;243.350;6.800;0.000;0.000;18.0;8
0.338;0.140;244.230;1.600;0.000;0.000;0.0;0
1.628;0.072;238.850;7.000;0.000;0.000;17.0;8
0.318;0.114;238.280;1.400;0.000;0.000;0.0;0
0.302;0.098;245.050;1.200;0.000;1.000;0.0;0
1.264;0.000;237.400;5.200;0.000;0.000;17.0;8
0.328;0.128;243.160;1.400;0.000;0.000;0.0;0
2.414;0.000;247.440;9.600;0.000;0.000;0.0;6
0.344;0.140;242.020;1.600;0.000;0.000;0.0;0
1.38;0.072;238.350;5.800;0.000;0.000;17.0;8
0.672;0.048;238.930;2.800;0.000;0.000;0.0;0
0.462;0.254;244.140;2.200;0.000;0.000;0.0;0
1.598;0.278;240.990;6.600;0.000;5.000;0.0;6
3.932;0.000;239.170;16.400;39.000;5.000;17.0;5
5.036;0.094;234.870;21.400;37.000;0.000;16.0;5
0.512;0.146;246.110;2.400;0.000;1.000;0.0;0
2.448;0.218;240.140;10.200;0.000;1.000;0.0;6
0.47;0.142;238.810;2.000;0.000;0.000;0.0;0
0.6;0.000;243.420;2.400;0.000;0.000;0.0;0
3.14;0.000;237.040;13.200;0.000;0.000;18.0;1
1.364;0.074;232.580;5.800;0.000;0.000;16.0;8
0.462;0.328;238.500;2.400;0.000;1.000;0.0;0
1.4;0.072;244.670;5.600;0.000;0.000;18.0;8
0.404;0.246;242.750;2.000;0.000;2.000;0.0;0
1.446;0.000;239.300;6.000;0.000;0.000;17.0;8
1.366;0.254;242.290;5.600;0.000;0.000;0.0;0
0.858;0.120;242.310;3.600;0.000;0.000;0.0;0
0.306;0.116;239.420;1.400;0.000;0.000;0.0;0
0.226;0.000;240.960;1.000;0.000;0.000;0.0;0
2.424;0.154;238.670;10.200;1.000;36.000;0.0;3
1.33;0.062;238.720;5.600;0.000;0.000;17.0;8
2.992;0.052;237.020;12.600;0.000;0.000;17.0;1
1.756;0.110;240.840;8.400;0.000;0.000;0.0;6
0.398;0.246;244.510;1.800;0.000;1.000;0.0;0
1.636;0.242;243.340;6.800;1.000;0.000;18.0;8
1.182;0.216;234.370;5.000;0.000;0.000;0.0;6
1.348;0.000;245.210;5.400;0.000;1.000;19.0;8
1.634;0.000;241.980;6.800;1.000;0.000;18.0;8
2.432;0.376;233.970;10.400;0.000;1.000;17.0;1
2.406;0.102;241.500;9.800;0.000;0.000;0.0;6
1.546;0.126;239.230;6.400;0.000;3.000;0.0;6
0.322;0.130;242.890;1.400;0.000;0.000;0.0;0
1.356;0.054;241.800;5.600;0.000;0.000;18.0;8
3.532;0.136;238.920;14.800;0.000;0.000;18.0;1
1.534;0.174;239.110;6.400;1.000;0.000;0.0;6
0.788;0.100;244.670;3.200;0.000;0.000;0.0;0
0.364;0.000;237.910;1.400;0.000;0.000;0.0;0
3.582;0.142;240.680;14.800;0.000;0.000;0.0;6
0.328;0.182;242.710;1.600;0.000;0.000;0.0;0
2.148;0.000;242.810;8.800;0.000;0.000;18.0;8
0.33;0.164;233.550;1.600;0.000;2.000;0.0;6
2.876;0.184;239.310;12.000;0.000;2.000;17.0;1
0.37;0.214;241.400;1.800;0.000;1.000;0.0;0
0.366;0.074;242.340;1.800;0.000;0.000;0.0;0
0.428;0.000;243.260;2.000;0.000;0.000;0.0;0
3.36;0.248;238.790;14.000;0.000;0.000;18.0;1
1.686;0.190;238.600;7.200;0.000;1.000;18.0;8
1.524;0.218;235.660;6.400;0.000;0.000;0.0;6
0.484;0.000;242.970;2.200;0.000;0.000;0.0;0
0.144;0.000;242.660;0.600;0.000;0.000;0.0;0
0.642;0.352;242.140;3.000;0.000;0.000;0.0;0
1.504;0.062;241.270;6.200;0.000;1.000;17.0;8
1.262;0.000;239.700;5.200;0.000;0.000;18.0;8
0.214;0.000;240.240;0.800;0.000;0.000;0.0;0
1.402;0.164;244.220;5.800;0.000;0.000;18.0;8
3.962;0.122;238.960;16.600;0.000;33.000;17.0;2
2.578;0.518;239.490;11.400;0.000;1.000;18.0;1
0.798;0.110;243.760;3.400;0.000;2.000;0.0;0
2.21;0.000;237.790;9.200;0.000;0.000;17.0;8
0.254;0.000;240.670;1.400;0.000;0.000;0.0;0
0.366;0.212;240.570;1.600;0.000;1.000;0.0;0
1.458;0.188;239.610;6.000;0.000;0.000;18.0;8
1.596;0.000;237.810;6.600;0.000;0.000;17.0;8
0.308;0.242;241.570;1.600;0.000;0.000;0.0;0
1.294;0.000;240.120;5.400;0.000;1.000;18.0;8
1.372;0.000;244.050;5.600;0.000;0.000;19.0;8
3.562;0.332;240.990;15.000;0.000;35.000;17.0;2
0.254;0.000;242.010;1.200;0.000;0.000;0.0;0
0.23;0.000;239.680;1.000;0.000;0.000;0.0;0
0.324;0.134;243.970;1.400;0.000;0.000;0.0;0
0.308;0.108;239.100;1.400;0.000;0.000;0.0;0
1.376;0.000;239.480;5.800;0.000;0.000;18.0;8
0.296;0.096;243.020;1.200;0.000;0.000;0.0;0
3.546;0.224;235.340;15.000;0.000;1.000;17.0;1
1.28;0.000;238.610;5.200;0.000;0.000;17.0;8
0.424;0.272;242.910;2.000;0.000;2.000;0.0;0
2.344;0.078;245.030;9.600;0.000;0.000;0.0;6
4.934;0.048;236.340;20.800;2.000;36.000;17.0;2
4.384;0.052;236.360;18.400;0.000;0.000;17.0;1
1.764;0.112;242.110;7.200;0.000;0.000;18.0;8
1.926;0.000;237.120;8.000;0.000;1.000;18.0;8
0.23;0.000;240.220;1.000;0.000;0.000;0.0;0
0.218;0.000;242.410;0.800;0.000;0.000;0.0;0
0.298;0.152;243.580;1.400;0.000;2.000;0.0;0
1.188;0.000;238.650;5.000;0.000;0.000;17.0;8
1.28;0.000;238.960;5.200;0.000;0.000;17.0;8
2.304;0.000;241.060;9.400;0.000;0.000;0.0;6
1.19;0.108;240.480;4.800;0.000;0.000;0.0;0
0.218;0.000;241.160;0.800;0.000;0.000;0.0;0
0.22;0.000;242.470;0.800;0.000;0.000;0.0;0
0.358;0.188;245.900;1.600;0.000;0.000;0.0;0
0.424;0.218;240.330;2.000;0.000;0.000;0.0;0
2.338;0.194;234.140;10.000;0.000;0.000;0.0;6
1.528;0.102;234.570;6.400;0.000;0.000;0.0;6
3.708;0.186;237.900;15.600;37.000;0.000;0.0;7
3.234;0.000;235.510;13.600;0.000;0.000;17.0;1
3.13;0.100;237.140;14.000;0.000;24.000;17.0;7
0.272;0.088;246.130;1.200;0.000;0.000;0.0;0
0.4;0.214;242.130;1.800;0.000;2.000;0.0;0
0.448;0.340;240.250;2.200;0.000;1.000;0.0;0
2.122;0.100;237.360;9.000;0.000;0.000;17.0;8
0.336;0.118;242.810;1.400;0.000;1.000;0.0;0
3.616;0.078;235.970;15.200;37.000;0.000;17.0;5
2.582;0.000;238.930;10.800;0.000;0.000;0.0;6
3.496;0.146;236.760;14.800;0.000;0.000;17.0;1
0.88;0.000;240.580;3.600;0.000;0.000;0.0;0
2.87;0.068;238.760;12.000;0.000;1.000;18.0;1
2.162;0.146;244.060;8.800;0.000;0.000;19.0;8
0.804;0.204;236.230;3.400;0.000;0.000;0.0;0
1.414;0.000;238.870;5.800;0.000;0.000;18.0;8
1.38;0.096;242.880;5.600;0.000;1.000;18.0;8
2.32;0.120;237.700;9.600;0.000;1.000;0.0;6
0.614;0.132;240.560;2.600;0.000;0.000;0.0;0
0.36;0.242;245.830;1.800;0.000;1.000;0.0;0
0.432;0.222;240.260;2.000;0.000;1.000;0.0;0
1.312;0.000;239.570;5.400;0.000;0.000;17.0;8
0.296;0.090;242.730;1.200;0.000;0.000;0.0;0
2.98;0.338;241.270;12.400;0.000;2.000;18.0;1
1.954;0.070;238.780;8.200;0.000;0.000;17.0;8
4.08;0.078;235.910;17.400;1.000;0.000;17.0;1
1.4;0.106;240.620;5.800;0.000;0.000;17.0;8
1.798;0.080;241.070;7.400;0.000;0.000;18.0;8
0.896;0.202;242.800;3.800;0.000;0.000;0.0;0
5.672;0.396;233.510;24.200;38.000;0.000;17.0;5
1.12;0.000;239.320;4.800;0.000;0.000;0.0;0
1.416;0.000;239.950;5.800;0.000;1.000;18.0;8
0.328;0.138;244.580;1.400;0.000;0.000;0.0;0
0.22;0.000;243.240;1.000;0.000;0.000;0.0;0
4.562;0.442;236.140;20.400;51.000;0.000;17.0;5
0.526;0.000;238.720;2.200;0.000;0.000;0.0;0
1.9;0.000;241.800;7.800;0.000;0.000;18.0;8
0.784;0.096;238.850;3.400;0.000;1.000;0.0;0
2.46;0.244;241.570;10.200;0.000;1.000;0.0;6
1.39;0.114;240.270;5.800;0.000;0.000;18.0;8
0.296;0.114;246.330;1.200;0.000;0.000;0.0;0
1.36;0.078;239.340;5.600;0.000;0.000;18.0;8
2.836;0.000;241.910;11.600;0.000;0.000;0.0;6
0.59;0.272;242.290;2.600;0.000;0.000;0.0;0
4.128;0.190;237.870;17.400;0.000;1.000;17.0;1
0.286;0.220;240.140;1.400;0.000;0.000;0.0;0
2.594;0.160;237.800;10.800;0.000;1.000;18.0;1
0.912;0.086;240.170;3.800;0.000;0.000;0.0;0
0.448;0.066;246.390;2.000;0.000;0.000;0.0;0
3.682;0.050;235.620;15.600;0.000;0.000;18.0;1
